01043;01;Beynost;4528;25;104;5,88%;;;;112003,06;;2;17;58;0;0;0;0
01142;01;Dagneux;4169;25;241;13,80%;;;;44929,95;44929,95;7;65;49;0;2;3;0
01160;01;Ferney-Voltaire;8844;25;950;23,03%;;;;15875,19;8728,21;47;33;74;95;0;0;0
01249;01;Miribel;9128;25;929;22,41%;;;;29892,59;29892,59;0;23;0;0;0;5;0
01262;01;Montluel;7112;25;723;24,86%;;;;674,4;;0;37;0;0;4;5;0
01281;01;Ornex;4027;25;374;23,81%;;;;2763,36;;1;108;114;0;0;0;0
01313;01;Pr�vessin-Mo�ns;7410;25;534;17,42%;;;;40405,12;33955,12;18;161;152;0;0;0;0
01322;01;Reyrieux;4311;25;114;7,05%;oui;31;;78795,06;43732,42;5;31;0;0;1;0;0
01344;01;Saint-Denis-l�s-Bourg;5504;20;314;12,92%;;;;32225,92;;35;177;32;8;0;5;0
01354;01;Saint-Genis-Pouilly;9415;25;1021;24,07%;;;;7397,91;;37;210;79;0;0;1;0
01419;01;Thoiry;5733;25;338;14,02%;oui;80;;93581,14;93581,14;2;63;93;0;1;0;0
01451;01;Viriat;6160;20;401;15,68%;;;;23742,4;;11;74;11;5;0;28;0
03013;03;Avermes;3818;20;297;16,27%;;;;15592;;2;26;0;0;0;1;126
03023;03;Bellerive-sur-Allier;8578;20;831;19,98%;;;;151;;15;149;0;40;0;19;3
03310;03;Vichy;25315;20;2381;14,75%;;;;178248;172936;26;169;77;3;11;144;31
03321;03;Yzeure;12975;20;867;14,26%;;;;64975;;2;154;0;0;0;6;1
04112;04;Manosque;22099;25;1450;13,67%;;;;260605;439558;183;236;75;0;10;6;0
04143;04;Oraison;5598;25;280;10,30%;;;;72064;;21;65;36;0;3;3;0
04152;04;Pierrevert;3699;25;41;2,45%;;;;54983;24865;0;0;0;0;0;0;0
04242;04;Villeneuve;3713;25;175;10,64%;;;;45843;45843;6;107;6;0;0;0;0
06004;06;Antibes;75568;25;3869;9,69%;;;;1392252,48;825783,53;247;977;648;0;3;25;0
06011;06;Beaulieu-sur-Mer;3764;25;188;9,53%;;;;80367,5;74542,55;0;0;109;0;0;2;0
06012;06;Beausoleil;13272;25;535;8,07%;oui;59,69;;239264,58;;12;0;22;0;5;0;0
06018;06;Biot;10054;25;480;11,54%;;;;152187,75;152187,75;6;46;264;0;1;2;0
06027;06;Cagnes-sur-Mer;46686;25;1594;6,39%;;;;888449,15;;42;310;278;0;2;6;0
06029;06;Cannes;73603;25;6976;16,87%;;;;964234,54;;140;631;1022;0;5;10;0
06030;06;Le Cannet;43115;25;1631;7,32%;oui;170;;1865586,06;1373586,06;21;161;70;0;3;5;0
06032;06;Cap-d'Ail;4741;25;337;13,74%;;;;64429,44;;2;8;51;0;0;1;0
06033;06;Carros;11497;25;967;22,49%;;;;36004,43;36004,43;9;15;0;0;0;1;0
06044;06;La Colle-sur-Loup;7726;25;121;3,60%;oui;19,79;;154868,2;154868,2;17;52;2;0;2;1;0
06048;06;Contes;7187;25;167;5,58%;oui;400;;310917,77;90917,77;4;38;0;0;0;4;0
06054;06;Drap;4341;25;272;16,01%;oui;33,33;;26293,32;26293,32;0;0;0;0;1;6;0
06064;06;Gatti�res;4103;25;68;4,05%;oui;80,95;;134864,46;134864,46;3;9;15;0;0;0;0
06065;06;La Gaude;6695;25;61;2,31%;oui;83,33;;244514,55;244514,55;5;32;17;0;0;5;0
06069;06;Grasse;51021;25;3172;13,93%;oui;50;;776935,17;420534,17;154;306;209;0;14;39;0
06075;06;Levens;4761;25;35;1,71%;;;;69250,25;;2;19;6;0;1;6;0
06079;06;Mandelieu-la-Napoule;22714;25;1054;8,16%;oui;0;;574140,21;;15;110;241;0;2;3;0
06083;06;Menton;29073;25;1436;8,82%;oui;50;;751778,16;;68;66;96;0;6;5;0
06084;06;Mouans-Sartoux;10214;25;261;5,98%;;;;208296,8;;19;60;33;0;1;8;0
06085;06;Mougins;17884;25;545;6,55%;;;;428175,36;128175,36;18;98;82;0;0;0;0
06088;06;Nice;343629;25;23822;12,67%;;;;4797754,08;;755;3659;2030;0;147;156;0
06090;06;P�gomas;7285;25;156;4,84%;oui;400;;302505,6;302505,6;25;17;75;0;0;0;0
06095;06;Peymeinade;7949;25;302;7,75%;oui;0;;123135,21;39135,21;36;139;28;0;0;0;0
06104;06;Roquebrune-Cap-Martin;12641;25;366;5,24%;oui;58,33;;452197,91;;5;34;25;0;1;0;0
06105;06;Roquefort-les-Pins;6222;25;90;3,38%;oui;0;;112043,52;71541,29;15;55;0;0;0;0;0
06108;06;La Roquette-sur-Siagne;5243;25;196;8,66%;;;;62412,66;27412,66;18;67;24;0;0;0;0
06112;06;Le Rouret;3965;25;23;1,44%;oui;400;;131422,86;131422,86;0;13;3;0;1;1;0
06118;06;Saint-C�zaire-sur-Siagne;3772;25;30;1,76%;;;;66126,95;66126,95;5;25;0;0;0;0;0
06122;06;Saint-Jeannet;3887;25;7;0,43%;oui;0;;83997,48;;0;2;0;0;0;3;0
06123;06;Saint-Laurent-du-Var;29343;25;1491;9,64%;;;;564656,35;415056,35;20;187;215;0;4;13;0
06128;06;Saint-Paul-de-Vence;3548;25;12;0,81%;;;;88572,8;88572,8;0;0;3;0;0;0;0
06136;06;Sospel;3568;25;76;4,40%;;;;33246,84;33246,84;0;0;0;0;7;7;0
06147;06;Tourrette-Levens;4786;25;58;3,05%;oui;400;;179005,66;179005,66;0;0;0;0;0;26;0
06148;06;Tourrettes-sur-Loup;3993;25;33;1,79%;oui;96,55;;167762,03;167762,03;3;12;14;0;1;1;0
06149;06;La Trinit�;10085;25;643;15,56%;oui;0;exon�r�e;;;15;0;33;0;1;9;0
06155;06;Vallauris;26595;25;1219;8,84%;oui;30;;560473,13;;73;251;174;0;1;43;0
06157;06;Vence;19241;25;485;5,35%;oui;0;;363181,52;;49;43;36;0;1;15;0
06159;06;Villefranche-sur-Mer;5443;25;157;5,72%;;;;125335,97;;16;5;63;0;0;3;0
06161;06;Villeneuve-Loubet;14814;25;407;5,15%;oui;48,9;;556413,23;281413,23;30;139;167;0;0;0;0
07102;07;Guilherand-Granges;10968;20;379;6,95%;;;;119694,32;19194;1;138;0;0;0;24;13
07281;07;Saint-P�ray;7311;20;426;13,29%;;;;28006;28006;2;148;15;0;3;16;2
07319;07;Le Teil;8197;20;789;19,81%;;;;799,47;;7;180;19;0;30;22;12
10325;10;Rosi�res-pr�s-Troyes;3648;20;182;11,58%;;;;18233,6022;;1;49;97;0;0;0;0
11106;11;Coursan;6056;20;72;2,72%;;;;36560;;1;7;0;0;1;4;0
11145;11;Fleury;3812;20;21;0,99%;;;;31608,96;31608,96;1;13;1;0;1;4;0
11170;11;Gruissan;4631;20;137;4,68%;oui;150;;113260,25;;5;23;53;0;0;1;0
11202;11;Leucate;4148;20;219;8,16%;;;;30260,88;;1;8;0;0;0;2;0
11266;11;Port-la-Nouvelle;5653;20;530;18,04%;;;;11905,66;11905,66;6;26;60;0;1;1;0
11379;11;Sigean;5476;20;57;2,30%;;;;45778,92;45778,92;1;10;0;0;2;6;0
11429;11;Villemoustaussou;3942;20;117;6,45%;;;;28764,78;;20;53;6;0;0;2;0
12133;12;Luc-la-Primaube;5767;20;207;7,81%;;;;59094,23;;34;26;0;0;0;9;0
12202;12;Rodez;23744;20;1780;12,85%;;;;213922,49;;103;169;93;0;2;100;0
13001;13;Aix-en-Provence;141148;25;13663;18,91%;;;;1117223,94;1117223,94;192;3785;769;8856;2;59;0
13002;13;Allauch;20690;25;470;5,56%;oui;21;;285510,15;55510,15;0;263;83;124;0;0;0
13004;13;Arles;52439;25;5557;21,70%;;;exon�r�e;;;114;1286;75;3986;11;43;42
13007;13;Auriol;11621;25;337;6,84%;oui;53;;190052,09;190052,09;10;189;12;99;2;8;17
13010;13;Barbentane;3877;20;83;4,47%;;;;40083,84;40083,84;8;16;0;56;1;2;0
13015;13;Bouc-Bel-Air;13844;25;496;8,71%;;;;211231,36;211231,36;31;355;58;48;0;4;0
13016;13;La Bouilladisse;6022;25;67;2,72%;oui;95;;141739,1;141739,1;29;37;0;0;1;0;0
13018;13;Cabannes;4357;20;87;4,80%;oui;100;;82341,84;38451,84;1;42;0;36;7;1;0
13019;13;Cabri�s;9011;25;219;5,52%;;;;206012,23;36012,23;19;122;73;0;0;5;0
13021;13;Carry-le-Rouet;6197;25;46;1,50%;oui;136;;370510,75;;0;46;0;0;0;0;0
13022;13;Cassis;7560;25;335;8,70%;oui;78;;285655,56;;0;227;59;45;0;4;0
13023;13;Ceyreste;4178;25;46;2,29%;;;;62375,95;62375,95;14;32;0;0;0;0;0
13026;13;Ch�teauneuf-les-Martigues;13277;25;1039;16,80%;;;;164303,49;164303,49;109;579;89;262;0;0;0
13027;13;Ch�teaurenard;15934;20;991;13,57%;oui;35;;97979,96;97979,96;6;245;90;610;5;33;2
13028;13;La Ciotat;34063;25;4042;20,82%;;;exon�r�e;;;109;869;387;2641;9;20;7
13030;13;Cuges-les-Pins;4922;25;60;2,97%;oui;52;;91171,96;91171,96;0;53;0;4;1;2;0
13032;13;�guilles;7453;25;135;4,02%;oui;64;;254895,85;254895,85;0;70;0;62;1;2;0
13033;13;Ensu�s-la-Redonne;5311;25;21;0,98%;oui;67;;124736,98;;7;14;0;0;0;0;0
13035;13;Eygui�res;6596;25;122;3,99%;;;;88195,19;88195,19;25;89;0;0;0;8;0
13036;13;Eyragues;4178;20;101;5,30%;;;;37606,8;;2;49;12;32;6;0;0
13037;13;La Fare-les-Oliviers;7618;25;115;3,45%;oui;73;;183141,12;;19;93;2;0;0;0;1
13039;13;Fos-sur-Mer;15859;20;1144;18,12%;oui;46;;124317,92;;67;1036;41;0;0;0;0
13040;13;Fuveau;9369;25;183;4,56%;;;;153725,4;;6;137;0;40;0;0;0
13041;13;Gardanne;20616;25;2125;23,57%;;;exon�r�e;;;133;1260;129;595;8;0;0
13042;13;G�menos;6198;25;104;3,77%;oui;60;;369367,52;69367,52;2;102;0;0;0;0;0
13043;13;Gignac-la-Nerthe;9070;25;191;5,05%;oui;76;;184365,67;;30;159;0;2;0;0;0
13044;13;Grans;4319;20;196;9,17%;;;;101794,77;101794,77;32;118;33;12;1;0;0
13045;13;Graveson;4271;20;178;8,85%;;;;30345,28;30345,28;15;92;40;30;1;0;0
13046;13;Gr�asque;4086;25;169;9,48%;oui;92;;94124,39;41625,39;0;56;32;81;0;0;0
13048;13;Jouques;4257;25;170;9,01%;oui;100;;124122;124122;7;160;0;0;0;3;0
13050;13;Lambesc;9261;25;278;6,75%;oui;47;;202571,88;70869,33;22;73;112;60;3;8;0
13051;13;Lan�on-Provence;8473;25;50;1,42%;oui;12;;136143,02;136143,02;5;37;0;0;0;1;7
13053;13;Mallemort;6197;25;227;8,42%;oui;100;;168679,92;168679,92;12;51;60;97;0;0;7
13054;13;Marignane;34405;25;1832;12,79%;oui;38;;442283,1;;128;1000;24;671;0;7;2
13055;13;Marseille;852516;25;79118;20,28%;;;exon�r�e;;;3300;18527;4591;51424;282;389;605
13059;13;Meyrargues;3704;25;185;11,84%;oui;83;;83063,77;83063,77;0;15;0;168;1;1;0
13060;13;Meyreuil;5293;25;207;9,13%;oui;24;;153467,86;153467,86;5;177;15;10;0;0;0
13062;13;Mimet;4536;25;73;4,15%;oui;172;;168808,28;196263,97;0;51;0;17;0;4;0
13066;13;Noves;5293;20;180;7,62%;oui;100;;95390,56;95390,56;1;60;43;62;5;0;9
13069;13;P�lissanne;9601;25;202;4,73%;oui;200;;341138,7;341138,7;5;120;76;0;0;0;1
13070;13;La Penne-sur-Huveaune;6300;25;530;20,32%;;;;23655,8;23655,8;4;149;11;363;2;0;1
13071;13;Les Pennes-Mirabeau;20279;25;639;7,54%;oui;100;;711961,02;316661,02;36;426;23;267;2;4;0
13073;13;Peypin;5397;25;85;3,66%;oui;200;;122319,22;122319,22;15;33;37;0;0;0;0
13074;13;Peyrolles-en-Provence;4751;25;179;8,59%;;;;70965;70965;26;137;14;0;2;0;0
13075;13;Plan-de-Cuques;10896;25;342;7,40%;oui;52;;171424,63;171424,63;0;112;15;214;0;1;0
13080;13;Le Puy-Sainte-R�parade;5379;25;223;10,53%;oui;58;;100467,14;100467,14;0;35;34;154;0;0;0
13081;13;Rognac;11737;25;476;9,29%;oui;89;;400871,65;400871,65;89;157;0;230;0;0;0
13082;13;Rognes;4684;25;89;4,54%;oui;52;;127389,68;;0;33;0;52;4;0;0
13083;13;Rognonas;4024;20;188;10,15%;oui;52;;39836,16;39836,16;0;48;32;98;2;8;0
13085;13;Roquefort-la-B�doule;5148;25;210;9,46%;oui;30;;61866,09;61866,09;31;125;14;40;0;0;0
13086;13;Roquevaire;8693;25;340;8,43%;oui;93;;185250,9;5250,9;40;264;10;0;9;17;0
13087;13;Rousset;4561;25;352;17,69%;;;;93103,05;;11;140;6;192;0;3;0
13088;13;Le Rove;4507;25;253;12,12%;;;;39424,64;39424,64;20;233;0;0;0;0;0
13091;13;Saint-Cannat;5431;25;206;8,83%;oui;52;;114109,46;;10;111;85;0;0;0;0
13092;13;Saint-Chamas;7852;25;401;10,90%;;;;77150,92;77150,92;33;223;43;96;6;0;0
13097;13;Saint-Martin-de-Crau;12072;25;896;15,85%;;;;116035,48;;159;383;85;266;0;3;0
13098;13;Saint-Mitre-les-Remparts;5721;25;96;3,70%;;;;109698,96;94968,23;0;95;0;0;0;0;1
13103;13;Salon-de-Provence;43771;25;4421;22,29%;;;exon�r�e;;;274;967;262;2887;0;13;18
13104;13;Sausset-les-Pins;7703;25;148;3,76%;oui;100;;225772,38;225772,38;24;124;0;0;0;0;0
13105;13;S�nas;6770;25;332;11,76%;oui;29;;77463,78;77463,78;23;150;39;99;3;0;18
13106;13;Sept�mes-les-Vallons;10708;25;696;14,87%;;;;64065,84;63159,84;16;147;44;486;0;3;0
13107;13;Simiane-Collongue;5437;25;147;6,51%;oui;51;;129850,55;129850,55;10;107;0;30;0;0;0
13108;13;Tarascon;13540;25;971;15,61%;oui;48;exon�r�e;;;95;409;56;358;18;5;30
13110;13;Trets;10383;25;338;7,48%;;;;147594,97;;20;275;25;3;6;9;0
13112;13;Velaux;8664;25;230;6,47%;oui;100;;208692,12;188677,12;11;144;75;0;0;0;0
13113;13;Venelles;8278;25;198;5,27%;oui;46;;242517,39;;36;110;36;16;0;0;0
13114;13;Ventabren;4646;25;16;0,74%;oui;200;;260952,43;199355,36;0;0;9;7;0;0;0
13119;13;Carnoux-en-Provence;6764;25;405;14,36%;;;;36006;36006;9;138;18;240;0;0;0
14101;14;Bretteville-sur-Odon;3900;25;318;18,39%;;;;20473;;0;0;0;0;0;0;0
14181;14;Cormelles-le-Royal;4818;25;478;24,34%;;;;3900;;0;0;0;0;0;0;0
14488;14;Ouistreham;9452;25;751;15,69%;;;;105127;;0;0;0;0;0;0;0
14738;14;Verson;3533;25;225;15,69%;;;;20239;;0;0;0;0;0;0;0
15012;15;Arpajon-sur-C�re;6192;20;358;12,42%;;;;26610,90361;;29;88;3;0;0;35;0
15267;15;Ytrac;3986;20;178;10,70%;;;;16146,46233;;15;77;0;1;0;6;0
16138;16;Fl�ac;3613;20;157;9,92%;;;;22957,37;;6;27;0;0;0;1;8
16154;16;Gond-Pontouvre;5892;20;463;16,23%;;;;20504,2;;3;53;0;1;1;2;7
16166;16;L' Isle-d'Espagnac;5267;20;491;19,13%;;;;4032,51;;13;64;0;0;1;1;9
16291;16;Ruelle-sur-Touvre;7436;20;512;14,61%;;;;31734,23;;2;75;10;0;0;3;9
16358;16;Saint-Yrieix-sur-Charente;7124;20;276;8,67%;;;;52363,44;;3;20;17;0;0;1;5
17010;17;Angoulins;3791;25;106;5,89%;;;;64623,1;64623,1;9;55;12;0;0;0;0
17028;17;Aytr�;8948;25;786;17,47%;;;;67309,59;;124;255;86;0;0;3;0
17086;17;Chaniers;3502;20;60;3,64%;;;;27754,58;27754,58;0;0;0;0;0;3;0
17094;17;Ch�telaillon-Plage;5937;25;235;7,27%;;;;119445,9;25945,9;1;16;28;0;0;3;0
17142;17;Dompierre-sur-Mer;5348;25;118;5,06%;;;;69959,72;69959,72;6;105;4;0;0;0;0
17168;17;Fouras;4083;20;117;5,10%;;;;49724,78;49724,78;15;37;1;2;0;1;0
17200;17;Lagord;7236;25;260;8,05%;;;;103648,04;103648,04;3;32;79;0;0;0;0
17264;17;Nieul-sur-Mer;5712;25;279;10,84%;;;;53481,08;;14;104;31;0;0;0;0
17274;17;P�rigny;7633;25;564;15,09%;;;;82886,58;;77;275;75;0;0;0;0
17291;17;Puilboreau;5651;25;264;10,31%;;;;66592,85;;11;104;29;0;0;0;0
17306;17;Royan;17690;25;906;8,04%;;;;370645,17;;120;238;25;0;2;4;0
17333;17;Saint-Georges-de-Didonne;5054;25;121;4,01%;;;;100230,08;81747;0;6;1;0;0;3;0
17380;17;Saint-Palais-sur-Mer;3936;25;11;0,50%;oui;100;;180398,57;151078,74;0;10;0;0;0;1;0
17407;17;Sainte-Soulle;3740;25;53;3,17%;;;;54071,58;54071,58;10;28;20;0;0;0;0
17414;17;Saint-Xandre;4369;25;52;2,68%;;;;61448,36;61448,36;0;11;7;0;0;0;0
17415;17;Saintes;25645;20;2702;19,86%;;;exon�r�e;;;7;278;67;0;0;37;0
17421;17;Saujon;7008;25;185;5,18%;;;;92383,9;54941,27;0;16;0;1;2;5;0
17449;17;Tonnay-Charente;7817;20;276;7,45%;;;;68285,42;66524,19;9;95;0;0;0;1;0
17452;17;La Tremblade;4743;25;182;7,22%;;;;60050,81;60050,81;11;28;0;0;0;6;0
17461;17;Vaux-sur-Mer;3896;25;132;5,98%;oui;29,79;;91482,94;91462,95;1;8;0;0;0;0;0
19005;19;Allassac;3858;20;103;5,77%;;;;31384,24;31384,24;9;79;0;0;4;11;0
19031;19;Brive-la-Gaillarde;47411;20;4078;16,99%;;;exon�r�e;;;284;2500;1128;0;17;121;0
19123;19;Malemort-sur-Corr�ze (Malemort);7582;20;208;5,76%;;;;102573;;6;167;8;0;1;6;0
19153;19;Objat;3564;20;84;4,59%;;;;60354,96;;0;0;0;0;0;0;0
19229;19;Saint-Pantal�on-de-Larche;4722;20;117;5,73%;;;;48948,27;;12;83;5;0;0;3;0
19274;19;Ussac;3994;20;66;3,73%;;;;54260,57;54260,57;2;39;17;0;0;8;0
21171;21;Chevigny-Saint-Sauveur;10330;25;1217;24,71%;;;exon�r�e;;;83;212;33;0;0;2;0
21231;21;Dijon;152071;25;14489;18,06%;;;exon�r�e;;;407;2429;326;20;19;184;0
21278;21;Fontaine-l�s-Dijon;9142;25;415;9,92%;;;;142047,7;142047,7;28;167;19;0;0;0;0
21390;21;Marsannay-la-C�te;5192;25;238;10,64%;;;;76722,44;76722,44;28;64;30;0;1;10;0
21540;21;Saint-Apollinaire;7012;25;543;16,43%;;;;66800,76;66800,76;54;178;19;0;0;3;0
22081;22;Hillion;4049;20;146;8,09%;;;;22870,18;22870,18;5;88;0;0;0;0;0
22106;22;Langueux;7275;20;341;9,89%;;;;59313,12;;17;92;12;0;0;3;0
22168;22;Perros-Guirec;7376;20;415;9,94%;oui;0;;77020,58;75071,56;7;29;25;0;4;9;0
22176;22;Pl�dran;6212;20;279;10,43%;;;;23598,08;;3;131;0;0;0;3;0
22187;22;Pl�rin;14224;20;836;12,70%;oui;0;;74755,2;;77;163;30;0;0;1;7
22194;22;Plestin-les-Gr�ves;3660;20;182;10,08%;;;;16689,96;13490,74;0;17;17;6;0;3;0
22198;22;Pleumeur-Bodou;4005;20;118;6,05%;;;;24254,24;;7;49;0;4;0;0;0
22211;22;Ploubezre;3633;20;72;4,68%;;;;16809,55;;1;9;4;0;1;1;0
22215;22;Ploufragan;11346;20;946;19,12%;;;exon�r�e;;;14;98;6;0;0;7;0
22251;22;Pordic (Pordic);6044;20;230;8,58%;;;;32980,68;;14;89;0;0;0;4;0
22343;22;Tr�beurden;3670;20;189;9,27%;;;;27158,44;;12;32;16;6;0;3;0
22360;22;Tr�gueux;8044;20;395;10,46%;;;;55155,6;;34;174;14;0;0;3;0
22389;22;Yffiniac;4832;20;189;8,47%;;;;52268,66;;18;78;5;0;0;2;0
24037;24;Bergerac;27972;20;2616;18,16%;;;exon�r�e;;;156;474;93;0;1;110;0
24102;24;Chancelade;4275;20;217;10,81%;oui;26,74;;26286,48;;13;89;23;0;0;1;0
24340;24;Prigonrieux;4172;20;120;6,82%;;;;29120,64;;27;11;0;0;0;2;0
24557;24;Tr�lissac;6988;20;220;6,74%;oui;48,85;;102826,8;68959,8;11;0;20;0;0;13;0
25539;25;Seloncourt;5938;20;343;12,54%;;;;50292,41;50292,41;0;0;0;0;0;0;0
26037;26;Beaumont-l�s-Valence;3784;20;132;8,27%;;;;29119,64;25969,64;0;0;0;0;0;0;0
26058;26;Bourg-l�s-Valence;19305;20;1400;15,60%;;;exon�r�e;;;0;0;0;0;0;0;0
26064;26;Chabeuil;6784;20;175;6,08%;;;;64395,66;64395,66;0;0;0;0;0;0;0
26084;26;Ch�teauneuf-sur-Is�re;3790;20;84;5,43%;;;exon�r�e;;;0;0;0;0;0;0;0
26088;26;Chatuzange-le-Goubet;4989;20;155;7,30%;;;;44196,3;44196,3;0;0;0;0;0;0;0
26124;26;�toile-sur-Rh�ne;5024;20;224;10,27%;;;;60068,85;60068,85;0;0;0;0;0;0;0
26197;26;Mont�lier;3814;20;149;9,49%;;;;29917,8;;0;0;0;0;0;0;0
26198;26;Mont�limar;35704;20;3337;18,33%;;;exon�r�e;;;0;0;0;0;0;0;0
26313;26;Saint-Marcel-l�s-Valence;5746;20;278;11,67%;;;;40674,72;40674,72;0;0;0;0;0;0;0
27448;27;Pacy-sur-Eure;4554;25;313;15,46%;;;;31223;31223;2;8;0;0;0;1;0
27562;27;Saint-Marcel;4708;25;387;19,98%;;;;23131;23131;0;2;0;0;0;10;0
28070;28;Champhol;3591;20;153;11,40%;;;;13016;;10;68;1;0;0;0;0
28110;28;Le Coudray;4166;20;312;18,18%;;;;4274;4274;1;169;66;0;3;1;0
28209;28;L�ves;5637;20;375;17,16%;;;;7304,8;;23;122;39;0;0;6;0
28220;28;Luisant;6757;20;518;17,45%;;;;11716,52;;11;39;27;0;0;1;0
29011;29;Bohars;3512;20;108;8,40%;;;;21992;21992;18;79;0;0;0;10;1
29051;29;Ergu�-Gab�ric;8140;20;517;15,21%;;;;35084;28751,33;59;413;27;0;0;15;0
29061;29;Gouesnou;5982;20;303;11,99%;;;;37598;34909;33;249;0;0;0;4;12
29069;29;Guilers;7703;20;373;12,06%;;;;36735;36735;37;280;1;12;0;3;0
29075;29;Guipavas;13586;20;647;11,16%;;;;95869;95869;92;422;62;44;0;12;15
29170;29;Plomelin;4155;20;274;14,88%;;;;19962;;25;147;0;0;0;8;23
29189;29;Plougastel-Daoulas;13080;20;583;10,30%;;;;90398;;86;283;0;0;0;8;68
29199;29;Plouigneau;4817;20;139;6,71%;;;;33754,8;;7;54;3;0;0;18;56
29207;29;Plourin-l�s-Morlaix;4295;20;260;13,22%;;;;17857,91;;5;115;0;0;0;2;101
29212;29;Plouzan�;12005;20;841;16,32%;;;exon�r�e;;;27;505;2;0;0;4;301
29216;29;Pluguffan;3735;20;211;12,36%;;;;23309;;32;148;5;0;0;12;14
29235;29;Le Relecq-Kerhuon;11175;20;874;17,34%;;;exon�r�e;;;102;355;0;0;0;12;340
29254;29;Saint-Martin-des-Champs;4722;20;270;11,42%;;;;43314,11;;26;44;8;0;0;11;0
30011;30;Les Angles;8318;25;341;8,05%;oui;117;;321205;257755;263;22;54;0;0;2;0
30047;30;Bouillargues;6240;20;102;3,91%;oui;19;;68493;;10;70;11;0;0;10;1
30060;30;Caissargues;3825;20;172;9,57%;;;;31380;31380;27;125;17;0;1;2;0
30075;30;Caveirac;3900;20;25;1,51%;;;;39520;;20;3;0;0;2;0;0
30082;30;Clarensac;4037;20;42;2,59%;;;;29249;29249;2;26;13;0;0;1;0
30125;30;Garons;4617;20;90;4,87%;;;;36403;;7;48;12;21;0;2;0
30128;30;G�n�rac;4012;20;43;2,51%;oui;66;;57833;57833;0;1;0;5;4;7;26
30141;30;Laudun-l'Ardoise;5978;20;332;14,28%;;;;35019;;15;107;13;183;0;2;12
30155;30;Manduel;6128;20;212;7,67%;;;;40289;40289;64;125;14;0;3;5;1
30156;30;Marguerittes;8538;20;219;6,06%;oui;0;;64812;;42;132;29;0;4;6;6
30169;30;Milhaud;5725;20;199;8,56%;oui;0;;35091;35091;21;143;26;4;0;5;0
30202;30;Pont-Saint-Esprit;10651;20;738;15,25%;;;exon�r�e;;;41;273;61;248;17;9;86
30206;30;Poulx;4001;20;6;0,39%;oui;42;;44635;9383;0;5;0;0;0;1;0
30209;30;Pujaut;4068;25;2;0,12%;;;;76288;76288;0;0;0;0;2;0;0
30211;30;Redessan;4044;20;73;4,81%;;;;23092;23092;6;45;20;0;1;1;0
30217;30;Rochefort-du-Gard;7499;25;196;6,72%;oui;90;;132360;;11;149;26;5;0;4;1
30223;30;Rousson;3829;20;26;1,55%;oui;0;;24297;24297;0;0;20;0;0;6;0
30243;30;Saint-Christol-l�s-Al�s;6776;20;287;9,02%;;;;47823;47823;30;229;11;3;5;9;0
30258;30;Saint-Gilles;13646;20;864;14,74%;;;;41931;41931;42;263;7;457;12;76;7
30259;30;Saint-Hilaire-de-Brethmas;4253;20;98;4,93%;oui;11;;42027;42027;17;38;28;0;2;13;0
30284;30;Saint-Martin-de-Valgalgues;4244;20;289;14,70%;;;;12689;;25;126;0;80;1;2;0
30294;30;Saint-Privat-des-Vieux;4890;20;86;3,75%;oui;98;;107552;107552;32;30;15;5;0;4;0
30333;30;Uchaud;4203;20;119;6,64%;oui;0;;27919;27919;17;82;16;0;2;2;0
30351;30;Villeneuve-l�s-Avignon;12232;25;428;7,36%;oui;53;;296202;82399;44;245;54;73;0;12;0
31022;31;Aucamville;8119;25;480;12,28%;;;;104817,36;104817,36;24;112;65;0;0;1;0
31032;31;Aussonne;6739;25;323;11,70%;;;;63968,86;63968,86;29;112;57;0;0;3;0
31044;31;Balma;14245;25;1360;19,28%;;;;109735,25;;189;295;139;0;0;3;0
31056;31;Beauzelle;5480;25;465;18,11%;;;;34931,24;;47;162;27;1;0;2;0
31069;31;Blagnac;22983;25;2555;23,34%;;;;85604,34;;145;443;164;0;1;8;0
31091;31;Brugui�res;5026;25;117;5,19%;;;;124401,67;124401,67;20;46;50;0;0;1;0
31113;31;Castanet-Tolosan;11440;25;1159;19,56%;;;exon�r�e;;;35;304;18;0;0;10;0
31116;31;Castelginest;9369;25;467;10,58%;;;;109575,46;109575,46;22;97;33;0;3;10;0
31117;31;Castelmaurou;3965;25;83;5,45%;;;;34630,97;;0;17;57;0;0;0;0
31150;31;Cornebarrieu;5798;25;293;11,06%;;;;126152,9;126152,9;40;97;46;0;0;4;0
31157;31;Cugnaux;16314;25;1211;16,30%;;;exon�r�e;;;46;287;136;0;2;23;0
31165;31;Eaunes;5651;20;310;12,87%;;;;21579,66;21579,66;21;207;0;0;0;0;0
31169;31;Escalquens;6124;25;495;18,23%;;;;31492,12;;38;257;25;1;0;3;0
31182;31;Fenouillet;5121;25;373;15,98%;;;;66934,18;66934,18;24;84;0;0;0;0;0
31187;31;Fonsorbes;11828;20;605;13,00%;;;;32094,7;;35;390;24;0;0;0;0
31203;31;Frouzins;8426;25;405;11,32%;oui;0;;58474,5;;7;196;84;0;0;2;0
31230;31;Gratentour;3552;25;105;7,73%;;;;36801,05;36801,05;9;18;12;0;0;0;0
31248;31;Labarthe-sur-L�ze;5059;20;163;8,07%;;;;32976,7;32976,7;24;108;0;0;0;0;0
31282;31;Launaguet;7469;25;499;14,79%;;;;59299,61;;40;124;51;0;0;1;0
31291;31;L�guevin;8629;25;513;14,00%;;;;48272,56;48272,56;16;111;144;0;0;2;0
31351;31;Mondonville;4601;25;193;10,06%;;;;46516,18;18643,77;7;159;15;0;0;0;0
31389;31;Montrab�;3815;25;134;7,79%;;;;60223,36;60223,36;19;88;18;0;0;0;0
31410;31;Pechbonnieu;4147;25;197;12,64%;;;;22745,55;22745,55;15;107;20;0;1;0;0
31417;31;Pibrac;8272;25;288;8,72%;;;;91774,73;91774,73;24;92;22;0;0;6;0
31421;31;Pins-Justaret;4541;20;250;13,97%;;;;13672,34;13672,34;5;95;27;0;0;0;0
31424;31;Plaisance-du-Touch;16616;25;1177;16,23%;;;exon�r�e;;;83;566;142;0;0;1;0
31433;31;Portet-sur-Garonne;9406;20;755;19,08%;;;;11146,22;11146,22;2;32;79;2;0;4;0
31445;31;Quint-Fonsegrives;5052;25;269;11,27%;;;;70399,89;70399,89;21;113;60;0;0;0;0
31446;31;Ramonville-Saint-Agne;12610;25;1423;20,93%;;;exon�r�e;;;123;443;169;0;0;1;0
31458;31;Roques;4087;25;147;8,28%;;;;69510,07;69510,07;20;94;14;0;0;0;0
31460;31;Roquettes;4193;20;261;14,95%;;;;12471,66;7564,27;11;111;78;0;0;0;0
31467;31;Saint-Alban;5777;25;292;12,06%;oui;57;;111876,82;111876,82;6;11;34;0;0;0;0
31488;31;Saint-Jean;10319;25;650;13,92%;;;;109448,71;109448,71;33;185;165;0;0;0;0
31490;31;Saint-Jory;5509;25;193;8,85%;;;;66045,87;66045,87;39;70;0;0;0;0;0
31499;31;Saint-Lys;8755;20;357;9,99%;;;;40660,02;40660,02;25;179;18;0;0;2;0
31506;31;Saint-Orens-de-Gameville;11122;25;618;11,98%;;;;161078,75;112307,58;31;143;49;8;0;2;0
31526;31;La Salvetat-Saint-Gilles;7074;25;303;9,55%;;;;51245,41;51245,41;43;227;14;0;0;0;0
31547;31;Seysses;7910;25;201;6,72%;;;;64033,93;64033,93;24;112;7;0;0;1;0
31555;31;Toulouse;453317;25;49854;20,65%;;;exon�r�e;;;2203;7477;5239;618;26;352;0
31557;31;Tournefeuille;26342;25;1442;13,08%;;;;256868,45;;64;345;216;14;1;2;0
31561;31;L' Union;11702;25;239;4,58%;;;;266168,41;266168,41;14;92;77;0;0;0;0
31588;31;Villeneuve-Tolosane;8854;25;438;11,30%;;;;97152,46;;18;161;47;0;0;2;0
33003;33;Ambar�s-et-Lagrave;14112;25;1252;20,39%;;;exon�r�e;;;78;372;0;0;0;0;0
33009;33;Arcachon;11307;25;773;10,53%;;;;225494,35;;62;284;2;0;0;0;1
33013;33;Artigues-pr�s-Bordeaux;7582;25;804;23,20%;;;;14885,43;;60;242;60;0;0;0;0
33063;33;Bordeaux;241287;25;23172;16,86%;;;;3028520,24;;305;1904;1625;392;0;0;0
33069;33;Le Bouscat;23376;25;2549;21,85%;;;;78255,73;;51;122;107;1;0;0;0
33075;33;Bruges;16269;25;1578;19,87%;;;;107151,23;107151,23;55;426;293;0;0;0;1
33080;33;Cadaujac;5429;25;293;11,98%;oui;5;;46162,01;46162,01;51;162;0;17;0;0;0
33090;33;Can�jan;5187;25;379;15,67%;;;;61004,51;;32;117;0;0;0;0;0
33099;33;Carignan-de-Bordeaux;3743;25;231;15,39%;;;;19103,08;;5;68;87;0;0;0;0
33122;33;Cestas;16379;25;893;12,70%;;;;202700,86;76181;29;275;63;0;0;0;0
33138;33;Coutras;8085;20;358;9,20%;oui;5;;50199,91;50199,91;4;40;13;1;0;0;0
33192;33;Gradignan;23930;25;2179;18,91%;;;;159421,55;80921,55;66;508;72;121;0;0;0
33199;33;Gujan-Mestras;20136;25;711;7,24%;;;;270830,51;64273,51;92;288;74;0;0;0;0
33200;33;Le Haillan;9632;25;1083;22,85%;;;;28240,61;;35;285;59;0;0;0;0
33207;33;Izon;5349;25;104;5,03%;oui;5;;39715,43;39715,43;10;83;6;0;0;0;0
33238;33;L�ognan;9586;25;564;13,30%;;;;72314,1;72314,1;19;131;23;0;0;0;0
33243;33;Libourne;23736;20;2356;19,43%;;;exon�r�e;;;56;474;49;0;0;0;0
33273;33;Martignas-sur-Jalle;7313;25;411;15,10%;;;;68819,35;;16;157;19;29;0;0;0
33281;33;M�rignac;66660;25;8211;24,51%;;;;43999,54;;217;1117;264;0;0;0;0
33312;33;Parempuyre;7942;25;340;10,18%;;;;101176,67;;30;233;39;0;0;0;0
33322;33;Le Pian-M�doc;6066;25;193;7,72%;oui;47,54;;90305,86;83936,86;25;167;0;0;0;0;0
33324;33;Pineuilh;4336;20;241;11,87%;;;;21069,18;;0;84;7;0;0;0;0
33376;33;Saint-Aubin-de-M�doc;6350;25;244;9,71%;;;;84785,28;84785,28;14;210;20;0;0;0;0
33393;33;Saint-Denis-de-Pile;5227;20;204;9,65%;oui;5;;21167,94;21167,94;0;6;129;0;0;0;0
33397;33;Sainte-Eulalie;4646;25;274;15,08%;;;;40662,12;;38;174;0;0;0;0;0
33422;33;Saint-Jean-d'Illac;7159;25;339;11,65%;;;;78161,04;78161,04;36;230;0;0;0;0;0
33433;33;Saint-Loub�s;8361;25;438;11,99%;;;;92790,49;78144,05;75;327;0;0;0;0;0
33449;33;Saint-M�dard-en-Jalles;28839;25;2336;18,39%;;;;222591,2;;177;1073;107;61;0;0;0
33483;33;Saint-Sulpice-et-Cameyrac;4485;25;168;8,80%;;;;41524,18;;13;94;18;1;0;0;0
33519;33;Le Taillan-M�doc;9335;25;458;11,44%;;;;113853,84;;35;333;38;1;0;0;0
33527;33;Le Teich;6891;25;474;14,47%;;;;38226,44;;23;106;42;0;0;0;0
33529;33;La Teste-de-Buch;24952;25;1623;12,59%;;;;301820,42;247171,79;68;409;144;18;0;0;0
33535;33;Tresses;4327;25;294;16,54%;;;;25123,7;;21;147;0;0;0;0;0
33539;33;Vayres;3543;25;95;6,45%;;;;41780,84;41780,84;6;20;18;0;0;0;0
33550;33;Villenave-d'Ornon;29804;25;2619;19,00%;;;exon�r�e;;;126;729;14;0;0;0;0
34003;34;Agde;24651;25;1124;7,08%;;;;410142;410142;20;79;238;36;2;44;17
34022;34;Baillargues;6548;25;285;10,26%;;;;73942;73942;33;95;60;0;0;2;0
34023;34;Balaruc-les-Bains;6886;25;328;9,48%;oui;100;;165416;165416;27;62;10;0;0;0;0
34031;34;Bessan;4690;25;107;5,09%;;;;50151;;11;26;1;0;0;22;0
34032;34;B�ziers;72970;20;7402;19,23%;;;exon�r�e;;;253;1105;144;2;37;197;35
34057;34;Castelnau-le-Lez;16664;25;1086;12,37%;;;;241988;116988;87;201;151;0;0;1;0
34058;34;Castries;5873;25;222;9,12%;;;;73684;73684;13;70;22;0;0;4;0
34077;34;Clapiers;5319;25;264;12,24%;;;;48351;;25;91;22;0;1;0;0
34088;34;Cournonterral;5859;25;109;4,59%;;;;79118;79118;10;37;3;0;0;2;0
34090;34;Le Cr�s;8430;25;485;12,04%;;;;102075;102075;33;102;102;0;0;2;0
34095;34;Fabr�gues;6290;25;102;3,60%;;;;132646;132646;19;57;9;0;0;2;0
34101;34;Florensac;4939;25;184;8,41%;oui;33,8;;58026;58026;19;34;22;0;0;5;2
34108;34;Frontignan;22728;25;1622;15,23%;;;exon�r�e;;;0;0;40;0;0;8;4
34113;34;Gigean;5957;25;212;8,48%;;;;43615;;23;59;21;0;1;0;2
34116;34;Grabels;6698;25;521;14,23%;;;;77186;77186;67;149;162;0;0;1;0
34120;34;Jacou;5658;25;409;14,95%;;;;46615;46615;21;68;42;0;0;0;0
34123;34;Juvignac;7865;25;502;11,66%;;;;112669;112669;17;50;49;0;0;0;0
34129;34;Lattes;15719;25;486;6,59%;oui;13,19;;351037;341037;8;33;17;0;0;3;0
34145;34;Lunel;25565;20;1724;15,28%;;;non pr�levable;;;51;151;55;0;11;27;4
34148;34;Maraussan;3976;20;113;6,17%;;;;23775;23775;11;34;20;0;10;3;2
34150;34;Marseillan;7884;25;247;6,13%;;;;94089;94089;12;62;0;0;0;15;2
34154;34;Mauguio;16660;20;381;4,31%;;;non pr�levable;;;42;108;34;0;0;2;0
34162;34;Montagnac;3731;25;209;11,21%;oui;53,93;;39166;39166;16;43;2;0;2;15;3
34172;34;Montpellier;268456;25;30250;22,16%;;;exon�r�e;;;1037;4196;2249;20;29;326;11
34198;34;P�rols;8788;25;65;1,63%;oui;92,07;;420898;420898;9;27;3;0;0;0;0
34199;34;P�zenas;8317;25;744;17,84%;oui;91,06;;72595;61223;52;128;0;0;0;63;2
34202;34;Pignan;6525;25;245;9,25%;oui;74,6;;122250;122250;15;87;36;0;0;6;0
34213;34;Poussan;5811;25;25;1,07%;;;;59848;59848;6;13;0;0;0;0;2
34217;34;Prades-le-Lez;4548;25;218;10,19%;;;;53791;53791;13;25;7;0;0;1;3
34247;34;Saint-Cl�ment-de-Rivi�re;4867;25;68;3,18%;;;;93811;93811;0;0;67;0;1;0;0
34255;34;Saint-G�ly-du-Fesc;9222;25;240;6,09%;;;;109001;109001;22;60;58;2;0;0;0
34259;34;Saint-Georges-d'Orques;5022;25;216;10,14%;oui;200;;192903;192903;13;36;2;0;0;2;0
34270;34;Saint-Jean-de-V�das;8549;25;178;4,94%;;;;187697;187697;2;20;47;0;0;1;0
34298;34;Sauvian;4470;20;147;6,63%;;;;34512;;31;78;5;0;4;1;0
34299;34;S�rignan;6836;20;81;2,40%;oui;150;;198517;209186;2;24;29;0;1;7;1
34300;34;Servian;4310;20;86;4,39%;;;;38624;40278;0;0;0;0;1;1;0
34301;34;S�te;44558;25;4387;18,85%;;;exon�r�e;;;210;395;92;3;18;132;5
34324;34;Valras-Plage;4348;20;47;1,59%;oui;100;;182414;122021;0;0;0;0;0;4;0
34327;34;Vendargues;5987;25;234;8,99%;oui;150;;297167;297167;12;44;28;0;0;1;0
34332;34;Vias;5366;25;122;4,69%;oui;150;;153030;153030;10;31;5;0;0;10;0
34336;34;Villeneuve-l�s-B�ziers;4149;20;51;2,58%;oui;150;;184651;197782;1;1;0;0;2;5;1
34337;34;Villeneuve-l�s-Maguelone;9436;25;407;11,20%;;;;81787;81787;33;99;0;0;0;5;10
35001;35;Acign�;6275;20;426;15,94%;;;;16281,7;;25;111;55;0;0;1;0
35006;35;Argentr�-du-Plessis;4253;20;191;11,04%;;;;22159,69;22159,69;4;19;6;1;1;8;0
35024;35;Betton;10292;20;637;13,83%;;;;45152,74;;44;257;91;0;0;2;0
35032;35;Bourgbarr�;3644;20;107;7,72%;;;;26793,83;26793,83;16;35;3;0;0;1;0
35047;35;Bruz;16670;20;1285;16,08%;;;exon�r�e;;;91;417;359;0;0;2;0
35051;35;Cesson-S�vign�;16206;20;1384;17,90%;;;;37171,24;;65;478;460;0;0;0;0
35059;35;La Chapelle-des-Fougeretz;4627;20;349;18,32%;;;;5191,63;;22;156;23;0;0;0;0
35066;35;Chartres-de-Bretagne;7349;20;630;18,76%;;;;12532,56;;62;210;43;2;0;0;0
35068;35;Ch�teaubourg;6310;20;310;11,26%;;;;51574,26;;22;100;8;0;0;2;0
35076;35;Chavagne;3708;20;186;12,02%;;;;18813,99;18813,99;10;55;11;8;0;3;0
35120;35;G�vez�;4548;20;273;13,35%;;;;18866,79;;42;174;6;0;0;2;0
35125;35;La Guerche-de-Bretagne;4273;20;170;8,84%;;;;39145,58;39145,58;3;4;0;0;1;18;0
35139;35;Laill�;4868;20;132;6,70%;;;;40782,11;40782,11;31;74;0;0;0;0;0
35196;35;Mordelles;7247;20;562;17,32%;;;;14731,74;;27;137;51;0;0;0;0
35208;35;Org�res;4059;20;224;13,10%;;;;17167,93;;26;115;17;0;0;0;0
35210;35;Pac�;10818;20;722;15,66%;;;exon�r�e;;;86;276;111;0;10;0;0
35245;35;Romill�;3709;20;105;7,00%;;;;28257,18;28257,18;7;32;8;0;0;3;0
35275;35;Saint-Gilles;3848;20;360;19,44%;;;;1647,46;;38;172;49;32;0;0;0
35278;35;Saint-Gr�goire;8783;20;390;9,81%;;;;90274,3;;8;61;64;0;0;0;0
35334;35;Thorign�-Fouillard;7526;20;535;16,47%;;;;16930,1;;48;209;64;0;0;0;0
35352;35;Vern-sur-Seiche;8002;20;526;16,18%;;;;23782,38;23782,38;12;112;15;0;0;2;0
35363;35;Pont-P�an;3808;20;214;13,51%;;;;14115,22;;30;64;13;0;0;0;0
37018;37;Ballan-Mir�;8043;20;601;18,09%;;;;8726,08;8726,08;0;39;98;0;0;0;0
37050;37;Chambray-l�s-Tours;10779;20;1039;19,26%;;;exon�r�e;;;40;200;34;0;0;0;0
37054;37;Chanceaux-sur-Choisille;3539;20;85;6,43%;;;;19882,18;19882,18;0;32;14;0;0;0;0
37109;37;Fondettes;10235;20;477;11,14%;;;;57961,5;;32;118;24;0;0;0;0
37139;37;Luynes;5259;20;370;17,97%;;;;4814,36;4814,36;21;58;0;0;0;3;0
37154;37;Montbazon;4022;20;173;10,01%;;;;20804,77;20804,77;11;19;1;0;0;0;0
37156;37;Montlouis-sur-Loire;10643;20;819;18,43%;;;exon�r�e;;;28;134;41;0;0;0;0
37163;37;Nazelles-N�gron;3568;20;281;16,62%;;;;11472,32;11472,32;5;42;0;0;0;0;0
37172;37;Notre-Dame-d'O�;3948;20;121;7,60%;;;;23652,2;23652,2;5;42;0;0;0;0;0
37208;37;Saint-Avertin;14856;20;989;14,97%;;;;62511,56;;1;126;86;0;2;0;0
37214;37;Saint-Cyr-sur-Loire;16133;20;1227;15,41%;;;;78822,41;;5;21;55;0;0;0;0
37266;37;Veign�;6088;20;266;10,51%;;;;30392,72;;18;97;7;0;0;0;0
37273;37;La Ville-aux-Dames;5021;20;327;14,87%;;;;18044,87;18044,87;19;70;0;0;0;0;0
38111;38;Claix;7727;25;407;12,39%;;;;83149,07;83149,07;0;0;0;0;0;0;0
38126;38;Corenc;3944;25;186;12,02%;;;;42707,76;;0;0;0;0;0;0;0
38133;38;Coublevie;4445;20;115;6,18%;;;;38747,39;;0;0;0;0;0;0;0
38150;38;Dom�ne;6588;25;664;22,48%;;;;16987,74;16987,74;0;0;0;0;0;0;0
38158;38;Eybens;9944;25;911;20,62%;;;;69097,6;;0;0;0;0;0;0;0
38169;38;Fontaine;22050;25;2530;24,23%;;;exon�r�e;;;0;0;0;0;0;0;0
38179;38;Gi�res;6200;25;631;18,91%;;;;46163,13;;0;0;0;0;0;0;0
38185;38;Grenoble;158346;25;18985;21,89%;;;exon�r�e;;;0;0;0;0;0;0;0
38229;38;Meylan;17646;25;1152;14,16%;;;;266605,33;;0;0;0;0;0;0;0
38239;38;Moirans;7845;20;652;19,83%;;;;1447,56;;0;0;0;0;0;0;0
38249;38;Montbonnot-Saint-Martin;4798;25;224;10,61%;;;;109815,97;29815,97;0;0;0;0;0;0;0
38344;38;Roussillon;8012;20;609;16,81%;;;;29309,93;;0;0;0;0;0;0;0
38348;38;Ruy;4282;20;74;4,10%;oui;0;;58137,55;;0;0;0;0;0;0;0
38378;38;Saint-Clair-du-Rh�ne;3911;20;187;11,72%;;;;47106,55;;0;0;0;0;0;0;0
38382;38;Saint-�gr�ve;16176;25;1110;16,59%;;;;155086,22;;0;0;0;0;0;0;0
38397;38;Saint-Ismier;6549;25;257;9,14%;;;;116980,71;;0;0;0;0;0;0;0
38425;38;Saint-Maurice-l'Exil;5995;20;435;18,85%;;;;10078,26;;0;0;0;0;0;0;0
38455;38;Saint-Savin;3697;20;92;5,98%;;;;42143,66;;0;0;0;0;0;0;0
38468;38;Salaise-sur-Sanne;4270;20;291;15,61%;;;;50670,94;;0;0;0;0;0;0;0
38474;38;Sassenage;11473;25;533;10,98%;oui;0;;150761,75;;0;0;0;0;0;0;0
38485;38;Seyssinet-Pariset;12147;25;556;9,87%;;;;196081,87;;0;0;0;0;0;0;0
38486;38;Seyssins;6970;25;356;12,19%;;;;85410,44;;0;0;0;0;0;0;0
38516;38;La Tronche;6627;25;482;16,59%;;;;54086,92;54086,92;0;0;0;0;0;0;0
38517;38;Tullins;7638;20;623;18,84%;;;;5478,92;;0;0;0;0;0;0;0
38524;38;Varces-Alli�res-et-Risset;6583;25;522;19,23%;;;;31684,48;;0;0;0;0;0;0;0
38529;38;Vaulnaveys-le-Haut;3635;25;8;0,50%;;;;77523,77;;0;0;0;0;0;0;0
38538;38;Le Versoud;4637;25;386;20,78%;oui;0;;17028,38;17028,38;0;0;0;0;0;0;0
38545;38;Vif;7975;25;398;12,17%;;;;76431,85;76431,85;0;0;0;0;0;0;0
38547;38;Villard-Bonnot;7325;25;675;20,94%;;;;31635,47;31635,47;0;0;0;0;0;0;0
40192;40;Mont-de-Marsan;31018;20;2278;15,58%;;;exon�r�e;;;59;338;172;0;1;17;0
40273;40;Saint-Martin-de-Seignanx;4929;25;254;12,34%;;;;37802,29;;2;54;102;5;0;0;0
40279;40;Saint-Paul-l�s-Dax;13139;20;1069;15,82%;;;exon�r�e;;;56;229;191;0;1;16;5
40281;40;Saint-Pierre-du-Mont;9225;20;618;14,14%;;;;41520,38;41520,38;20;52;83;0;0;0;0
40312;40;Tarnos;12423;25;1099;20,11%;;;;75253,42;53870,05;18;188;105;0;0;5;0
41047;41;La Chauss�e-Saint-Victor;4455;20;269;12,77%;;;;32936,27;32936,27;0;118;34;0;0;0;0
41295;41;Vineuil;7443;20;404;12,37%;;;;44350,88;44350,88;0;175;0;0;0;0;0
42022;42;Bonson;3674;20;248;15,85%;;;;9057;9057;15;89;2;0;0;0;0
42097;42;La Fouillouse;4314;20;134;7,10%;;;;53921;;11;25;0;0;0;0;0
42184;42;Riorges;10725;20;801;16,01%;;;exon�r�e;;;51;178;62;0;10;14;1
42223;42;Saint-Genest-Lerpt;5867;20;525;19,21%;;;;3112;;45;146;20;0;9;15;0
42225;42;Genilac;3847;20;67;4,55%;;;;27794;;4;30;1;0;4;6;0
42234;42;Saint-H�and;3535;20;146;9,53%;;;;24882;;14;38;0;0;0;0;0
42256;42;Saint-Marcellin-en-Forez;4376;20;255;13,16%;;;;18937;;34;98;0;0;0;1;0
42259;42;Saint-Martin-la-Plaine;3705;20;105;7,07%;;;;28744;;8;54;0;0;0;2;0
42279;42;Saint-Just-Saint-Rambert;14337;20;805;13,18%;;;;57557;;66;186;17;0;7;8;0
42285;42;Saint-Romain-le-Puy;3746;20;117;7,25%;;;;43019;43019;19;61;0;0;2;2;0
42302;42;Sorbiers;7868;20;488;14,64%;;;;30665;;32;124;0;0;5;5;0
42304;42;Sury-le-Comtal;5979;20;295;11,52%;;;;25170;;38;106;1;0;16;10;0
42330;42;Villars;7887;20;492;13,97%;;;;39539;;39;128;0;0;0;2;0
42332;42;Villerest;4696;20;127;6,42%;;;;39353;39353;7;22;2;0;2;2;0
43041;43;Brives-Charensac;4275;20;415;19,60%;;;;1532;;21;29;9;0;0;7;0
43089;43;Espaly-Saint-Marcel;3511;20;262;15,75%;;;;12005,39;12005,39;2;12;0;4;0;6;0
44009;44;Basse-Goulaine;8244;25;362;10,54%;;;;95787,56;95787,56;40;128;62;0;0;0;0
44018;44;Bouaye;6160;25;322;10,93%;;;;65631,99;32327,88;45;140;42;0;0;0;1
44020;44;Bouguenais;18382;25;1481;18,91%;;;exon�r�e;;;17;240;76;0;3;7;1
44026;44;Carquefou;18398;25;976;13,24%;;;;256748,79;256748,79;11;205;287;0;0;2;0
44030;44;La Chapelle-des-Marais;3901;20;206;12,10%;;;;19248,33;;9;48;62;0;1;21;1
44035;44;La Chapelle-sur-Erdre;17709;25;922;11,75%;;;;202961,34;202961,34;89;349;53;0;0;8;3
44047;44;Cou�ron;19765;25;1503;17,88%;;;exon�r�e;;;48;298;63;0;3;3;2
44049;44;Le Croisic;4040;20;245;10,59%;;;;38806,88;;9;50;21;0;3;9;0
44052;44;Donges;7092;20;437;14,27%;;;;52827,15;;36;164;5;0;2;30;0
44055;44;La Baule-Escoublac;15474;20;686;7,28%;;;;286609,07;;42;99;84;0;1;3;3
44069;44;Gu�rande;15722;20;859;11,60%;;;;99742,78;64440,49;55;152;56;0;5;29;7
44071;44;Haute-Goulaine;5539;25;168;7,91%;;;;56012,96;56012,96;11;37;51;0;0;0;0
44072;44;Herbignac;6175;25;239;8,73%;;;;69684,63;;22;40;36;0;4;9;0
44101;44;La Montagne;5981;25;387;15,02%;;;;37248,72;;18;89;0;0;1;2;3
44114;44;Orvault;24761;25;1985;17,77%;;;;168896,83;124296,83;63;243;158;0;1;4;5
44120;44;Le Pellerin;4607;25;275;13,58%;;;;30251,18;30251,18;20;130;27;0;1;8;0
44130;44;Pont-Saint-Martin;5658;25;87;3,94%;;;;53437,66;53437,66;7;18;9;0;0;1;0
44132;44;Pornichet;10323;20;385;6,50%;;;;214304,16;205866,24;36;101;18;0;0;4;5
44135;44;Le Pouliguen;4810;20;275;9,89%;;;;52127,01;;7;41;0;0;0;1;2
44143;44;Rez�;39377;25;3677;20,08%;;;exon�r�e;;;174;552;267;0;8;4;11
44151;44;Saint-Andr�-des-Eaux;5607;20;187;7,89%;;;;49340,44;;15;54;67;0;0;0;0
44166;44;Saint-Jean-de-Boiseau;5344;25;229;10,87%;;;;41180,49;;4;70;41;0;1;3;2
44168;44;Saint-Joachim;3960;20;142;7,97%;;;;30952,59;;2;31;22;0;0;21;0
44172;44;Sainte-Luce-sur-Loire;13452;25;1055;17,57%;;;exon�r�e;;;174;366;135;0;1;0;3
44175;44;Saint-Lyphard;4401;25;130;6,83%;;;;31772,8;31772,8;2;13;35;0;0;0;0
44190;44;Saint-S�bastien-sur-Loire;25655;25;1476;12,10%;;;;274212,03;274212,03;97;379;155;1;4;1;6
44194;44;Sautron;6989;25;472;14,47%;;;;73741,5;;35;175;52;0;1;1;1
44198;44;Les Sorini�res;7648;25;339;10,38%;;;;90636,56;90636,56;34;183;31;0;0;5;2
44204;44;Thouar�-sur-Loire;8398;25;547;14,94%;;;;72229,76;72229,76;73;267;79;0;1;0;2
44211;44;La Turballe;4554;25;157;6,54%;;;;61893,66;;12;70;0;0;0;2;1
44215;44;Vertou;22307;25;770;7,88%;;;;328968;84988,17;41;327;62;0;1;2;4
45075;45;La Chapelle-Saint-Mesmin;9937;20;623;14,82%;;;;45596,88;45596,88;12;222;119;259;1;10;0
45089;45;Ch�cy;8585;20;284;8,45%;oui;80;;112016,38;5380,33;16;192;41;32;0;3;0
45169;45;Ingr�;8104;20;421;11,92%;;;;72566,7;72566,7;25;390;0;0;4;2;0
45232;45;Olivet;19807;20;1243;12,71%;;;;148918,98;148918,98;40;429;576;187;1;10;0
45235;45;Ormes;3628;20;177;12,01%;;;;51412,6;51412,6;0;167;7;3;0;0;0
45274;45;Saint-Denis-en-Val;7149;20;346;11,41%;oui;60;;64974,38;64974,38;1;275;54;16;0;0;0
45286;45;Saint-Jean-le-Blanc;8099;20;455;12,00%;;;;52512,93;52512,93;252;141;59;0;0;3;0
45298;45;Saint-Pryv�-Saint-Mesmin;5223;20;303;13,28%;;;;24965,01;24965,01;31;260;0;6;2;4;0
47031;47;Bo�;5458;20;276;11,95%;;;;39821;;44;68;19;140;0;3;0
47032;47;Bon-Encontre;6182;20;300;11,09%;;;;47796;;27;262;8;0;0;4;1
47100;47;Foulayronnes;5167;20;381;16,48%;;;;11097;;30;181;17;120;16;15;0
47145;47;Layrac;3532;20;141;8,87%;oui;7,69;;24216;;23;91;0;0;1;9;0
47157;47;Marmande;18458;20;1226;13,82%;oui;5;;96462;;36;314;45;646;8;45;18
47201;47;Le Passage;9380;20;729;16,09%;;;;32194;;86;245;81;314;1;9;3
47209;47;Pont-du-Casse;4269;20;240;13,39%;;;;22373;7518;28;182;35;0;0;1;0
47310;47;Tonneins;8888;20;472;11,23%;;;;65239;65239;8;230;44;97;16;64;12
49020;49;Beaucouz�;4889;20;314;15,51%;;;;21722,61;21722,61;12;115;26;21;0;2;0
49035;49;Bouchemaine;6459;20;406;15,26%;;;;19085,22;;19;90;44;0;0;6;0
49129;49;�couflant;3775;20;252;15,08%;;;;22669,72;;34;96;12;0;0;0;0
49193;49;Le May-sur-�vre;4007;20;259;16,14%;;;;11519,6;11519,6;3;15;0;0;0;3;0
49223;49;M�rs-Erign�;5370;20;383;15,85%;;;;13131;13131;37;161;3;3;0;3;0
49332;49;La S�guini�re;3940;20;105;6,68%;oui;200;;126018,9;;2;22;0;0;0;1;0
50002;50;Agneaux;4155;20;293;15,13%;;;;14710;;0;0;0;0;0;0;0
51242;51;Fagni�res;4474;20;235;12,50%;;;exon�r�e;;;29;62;8;0;0;0;0
53034;53;Bonchamp-l�s-Laval;5795;20;269;11,53%;;;;31749,55;31749,55;1;66;43;0;0;3;0
53054;53;Chang�;5573;20;261;11,52%;;;;42180,57;;12;110;20;0;1;4;0
53119;53;L' Huisserie;4161;20;224;13,25%;;;;15392,11;15392,11;0;129;0;0;0;2;0
53140;53;Louvern�;3991;20;171;10,28%;;;;24776,32;;9;34;48;0;1;1;0
53201;53;Saint-Berthevin;7307;20;632;19,82%;;;;1129,32;;1;99;78;0;4;4;0
56003;56;Arradon;5463;20;225;8,84%;;;;45993;;9;98;9;0;0;0;0
56008;56;Baden;4260;20;222;10,44%;;;;28671;14992;13;103;51;0;0;0;0
56036;56;Caudan;6806;20;347;12,48%;oui;0;;41779;41779;5;7;72;0;0;0;0
56053;56;Elven;5510;20;410;17,45%;;;;7273;;24;146;115;0;3;8;0
56078;56;Guidel;10279;20;419;8,48%;;;;80945;67671;25;126;73;0;0;0;0
56090;56;Inzinzac-Lochrist;6246;20;375;13,49%;;;;19886;;19;61;21;0;0;5;0
56101;56;Languidic;7409;20;271;8,28%;;;;56546;;14;56;0;0;0;4;0
56107;56;Larmor-Plage;8219;20;358;8,35%;;;;86826;86826;9;48;40;0;0;19;0
56118;56;Locmiqu�lic;4164;20;141;7,42%;;;;29526;29526;0;67;0;0;0;2;0
56158;56;Plescop;5091;20;339;12,87%;;;;26247;;16;148;51;0;0;0;0
56162;56;Ploemeur;17875;20;971;11,81%;;;;100196;83790;49;217;243;0;0;3;0
56164;56;Ploeren;6111;20;356;12,99%;;;;29594;29594;15;143;26;0;0;1;0
56166;56;Plouay;5336;20;241;9,68%;;;;36825;;0;0;87;0;0;0;0
56185;56;Qu�ven;8666;20;355;9,82%;;;;51548;51548;9;56;12;0;0;1;0
56193;56;Riantec;5175;20;134;5,46%;;;;45432;45432;29;29;24;0;0;3;0
56206;56;Saint-Av�;10630;20;739;16,08%;;;exon�r�e;;;50;254;61;0;0;7;0
56231;56;Saint-Nolff;3689;20;162;10,49%;oui;0;;17455;17455;34;72;0;0;0;0;0
56243;56;S�n�;8781;20;530;12,27%;;;;51178;;25;197;25;0;0;2;0
56248;56;Surzur;3927;20;119;6,79%;;;;26881;26881;5;64;16;0;0;1;0
56251;56;Theix (Theix-Noyalo);6881;20;389;12,95%;;;;39300;9871;21;265;14;0;0;0;0
57012;57;Algrange;6381;20;454;15,60%;;;;15338,61;15338,61;0;51;0;1;2;26;18
57143;57;Clouange;3834;20;256;14,20%;;;;12116,87;12116,87;2;22;0;0;2;7;20
57306;57;Hayange;15754;20;1300;18,62%;;;exon�r�e;;;13;88;7;0;1;55;5
57412;57;Longeville-l�s-Metz;3896;20;270;12,62%;;;;27251,45;26788,34;1;4;12;0;0;5;11
57447;57;Marly;9829;20;671;16,41%;;;;26242,85;26242,85;2;64;17;0;0;4;2
57474;57;Mondelange;5999;20;315;11,83%;;;;52880,74;8380,74;5;22;15;0;0;1;38
57491;57;Moyeuvre-Grande;7973;20;517;15,23%;;;;16026,83;16026,83;7;24;0;0;8;33;4
57508;57;Nilvange;4896;20;266;11,49%;;;;41093,68;34595,94;3;6;0;1;4;72;7
57591;57;Rombas;9975;20;790;18,15%;;;exon�r�e;;;2;18;15;0;3;38;62
57647;57;Ser�mange-Erzange;4244;20;307;16,40%;;;;18600,18;18600,18;0;18;1;0;0;8;3
57757;57;Yutz;15776;20;1362;18,85%;;;exon�r�e;;;53;309;0;0;0;19;20
59043;59;Bailleul;14564;25;1207;19,63%;;;exon�r�e;;;12;66;0;0;4;4;0
59044;59;Baisieux;4571;25;197;10,78%;oui;100;;69139,32;69139,32;12;93;5;0;0;0;0
59052;59;Bauvin;5288;20;365;17,31%;;;exon�r�e;;;8;156;7;0;0;0;0
59090;59;Bondues;9828;25;476;12,64%;;;;88867,64;;47;114;35;0;1;0;0
59092;59;Bouchain;3995;20;298;17,27%;;;;10398,2;10398,2;2;69;60;0;0;1;0
59098;59;Bousbecque;4706;25;290;15,77%;oui;0;;33287,61;33287,61;15;124;0;0;0;0;0
59143;59;La Chapelle-d'Armenti�res;8390;25;642;19,94%;;;;24487,13;24487,13;19;181;0;0;1;0;0
59163;59;Croix;20664;25;2120;22,11%;;;exon�r�e;;;50;158;11;0;21;4;0
59202;59;Erquinghem-Lys;4734;25;337;16,67%;;;;22765,29;22765,29;24;125;17;0;0;0;0
59212;59;Estaires;5935;20;365;14,41%;;;;19455,5;;11;60;0;0;2;0;0
59220;59;Faches-Thumesnil;17476;25;1152;16,11%;;;exon�r�e;;;18;140;49;0;33;1;0
59239;59;Flines-lez-Raches;5495;20;157;7,23%;;;;33251,69;33251,69;0;20;0;0;0;0;0
59268;59;La Gorgue;5923;20;338;15,11%;;;;29952,31;29952,31;1;214;0;0;2;2;0
59278;59;Hallennes-lez-Haubourdin;3975;25;155;9,62%;;;;32050,58;32050,58;20;58;45;0;0;1;0
59279;59;Halluin;20770;25;2017;24,65%;;;exon�r�e;;;69;453;58;0;5;7;0
59284;59;Hasnon;3839;20;142;9,56%;;;;22637,18;22637,18;0;36;6;0;3;0;0
59295;59;Hazebrouck;21866;25;1649;18,05%;;;exon�r�e;;;21;85;145;0;1;2;0
59301;59;Hergnies;4335;20;131;7,91%;;;;19740,6;19740,6;6;80;0;0;0;1;0
59317;59;Houplines;7791;25;462;15,07%;oui;0;;39123,24;15859,24;3;78;0;0;8;5;0
59328;59;Lambersart;28435;25;2127;17,34%;;;exon�r�e;;;9;421;158;0;6;1;0
59339;59;Leers;9400;25;653;16,74%;;;;58135,07;58135,07;6;216;15;0;0;0;0
59343;59;Lesquin;6690;25;601;19,23%;;;;51541,34;20541,34;31;206;31;0;0;0;0
59352;59;Linselles;8104;25;671;20,01%;;;;27816,81;27816,81;23;127;33;0;1;0;0
59367;59;Lys-lez-Lannoy;13317;25;1350;24,20%;;;exon�r�e;;;28;176;45;0;6;1;0
59369;59;Maing;4047;20;192;11,78%;;;;15695,91;15695,91;0;18;0;0;4;1;0
59378;59;Marcq-en-Baroeul;39600;25;3125;18,47%;;;exon�r�e;;;37;244;290;0;7;28;0
59386;59;Marquette-lez-Lille;10226;25;945;23,20%;;;exon�r�e;;;2;53;62;0;5;1;0
59400;59;Merville;9465;20;629;16,47%;;;;30261,62;27391,22;9;102;0;0;5;3;0
59421;59;Mouvaux;13628;25;773;13,81%;;;;91071,29;;33;290;20;0;4;1;0
59426;59;Neuville-en-Ferrain;10280;25;528;13,10%;;;;99119,7;99119,7;15;183;10;0;0;0;0
59428;59;Neuville-Saint-R�my;3810;20;306;18,78%;;;;1758,6;;23;95;0;0;0;2;0
59431;59;Nieppe;7412;25;688;22,80%;;;;10447,45;10447,45;20;46;20;14;0;1;0
59457;59;P�renchies;8289;25;567;17,62%;;;;34790,36;34790,36;2;61;39;0;1;0;0
59459;59;Petite-For�t;4892;20;358;18,68%;;;;8478,95;8478,95;3;39;10;0;1;2;0
59477;59;Provin;4183;20;231;14,43%;oui;0;;6121,11;6121,11;11;65;0;0;0;4;0
59482;59;Quesnoy-sur-De�le;6969;25;448;17,53%;;;;23905,68;18140,8;2;66;5;0;1;0;0
59489;59;Raimbeaucourt;4091;20;293;17,91%;;;;3231,97;;6;5;5;0;0;0;0
59504;59;Roeulx;3775;20;242;16,97%;;;;6072,76;6072,76;3;46;0;0;2;6;0
59508;59;Roncq;13366;25;920;17,45%;;;exon�r�e;;;12;187;28;0;0;0;0
59524;59;Sainghin-en-Weppes;5554;25;187;8,57%;;;;38374,93;38374,93;1;69;0;0;0;0;0
59527;59;Saint-Andr�-lez-Lille;11246;25;1220;22,72%;;;exon�r�e;;;45;216;92;0;0;0;0
59553;59;Santes;5697;25;200;8,96%;;;;50454,57;50454,57;13;69;14;0;0;0;0
59566;59;Sequedin;4314;25;94;6,03%;oui;50;;95817,16;95817,16;7;30;20;0;0;0;0
59580;59;Steenvoorde;4030;25;97;5,50%;;;exon�r�e;;;1;31;0;0;0;0;0
59592;59;Thumeries;3945;20;142;9,20%;;;;17249,25;17249,25;10;67;0;0;0;0;0
59598;59;Toufflers;3990;25;283;18,21%;;;;13593,64;;0;100;0;0;0;0;0
59636;59;Wambrechies;9665;25;807;19,50%;;;;34808,29;34808,29;14;29;145;0;0;0;0
59646;59;Wasquehal;20536;25;1990;22,92%;;;;43837,26;43837,26;22;119;50;0;0;0;0
59653;59;Wavrin;7626;25;590;18,90%;;;;25158,89;25158,89;8;52;0;0;0;0;0
60338;60;Lacroix-Saint-Ouen;4368;20;172;9,22%;;;;36525,72;36525,72;0;38;1;0;0;1;0
60342;60;Laigneville;4247;20;283;16,71%;;;;8718,64;8718,64;2;94;0;0;0;0;0
60670;60;Verneuil-en-Halatte;4676;20;215;11,53%;;;;37920;37920;0;105;56;0;0;0;0
61397;61;Saint-Germain-du-Corb�is;3874;20;288;16,62%;;;;6487;;0;50;2;0;0;1;0
62033;62;Annay;4237;20;321;18,68%;;;;2269,3;;14;129;0;0;0;0;0
62035;62;Annezin;5830;20;238;9,75%;;;;38417,5;;13;50;0;0;3;6;2
62126;62;Beuvry;9097;20;746;18,91%;;;;5490,67;5490,67;20;173;19;0;0;9;1
62132;62;Billy-Berclau;4478;20;197;10,76%;;;;55359,33;25977,38;4;54;55;0;0;2;0
62173;62;Brebi�res;4866;20;309;15,48%;;;;15147;15147;3;104;8;0;2;2;0
62244;62;Coulogne;5534;20;276;11,76%;;;;21893,92;;13;25;31;0;0;1;0
62263;62;Dainville;5825;20;311;13,81%;;;;22324,79;18739,07;4;48;34;0;0;1;2
62276;62;Douvrin;5023;20;335;16,25%;;;;17304,98;17304,98;4;93;10;0;8;6;7
62473;62;Isbergues;9119;20;609;15,57%;;;;42530,32;42530,32;16;1;7;0;2;31;5
62491;62;Laventie;4924;20;131;6,80%;;;;29220,16;29220,16;0;20;0;0;0;1;0
62502;62;Lestrem;4329;20;56;3,36%;;;;71388,44;;0;0;1;0;2;0;0
62548;62;Marck;10175;20;536;13,85%;;;;4931,08;4931,08;19;147;0;0;2;1;0
62604;62;Neufch�tel-Hardelot;3749;20;247;14,33%;;;;17465,82;;2;60;7;0;2;1;0
62736;62;Sailly-sur-la-Lys;4037;20;129;8,51%;;;;25595,4;25595,4;3;27;0;0;0;0;0
62755;62;Saint-L�onard;3616;20;168;12,17%;;;;16941,96;;0;74;0;0;0;0;1
62861;62;Vimy;4252;20;218;12,04%;;;;16786,08;16786,08;0;0;0;0;0;3;0
62863;62;Violaines;3671;20;231;16,11%;;;;11392,7;;0;149;0;0;0;6;0
62865;62;Vitry-en-Artois;4600;20;284;14,99%;;;;9432,9;9432,9;2;75;24;0;1;1;3
63014;63;Aubi�re;9536;20;816;17,64%;;;;22996,9;;30;157;112;5;0;9;0
63032;63;Beaumont;10933;20;870;15,53%;;;exon�r�e;;;39;225;127;0;0;10;0
63042;63;Blanzat;3778;20;260;16,00%;;;;9123,65;9124;4;138;39;0;0;2;0
63063;63;C�bazat;7407;20;444;12,99%;;;;56095;56095;38;158;0;0;0;2;0
63069;63;Le Cendre;4906;20;416;18,71%;;;;4526;4526;19;117;8;2;0;1;0
63070;63;Ceyrat;5667;20;305;10,87%;;;;43310;43310;21;144;17;0;0;4;0
63075;63;Chamali�res;17480;20;748;7,23%;;;;287623;126504;27;309;182;51;0;14;0
63284;63;Pont-du-Ch�teau;10541;20;543;11,73%;;;;64585,28;64585;18;159;0;0;0;1;0
63307;63;Romagnat;8013;20;514;14,38%;;;;32235,55;;2;40;0;0;0;8;0
63308;63;Royat;4590;20;281;11,10%;;;;53632,46;53632;7;39;7;0;0;18;0
64024;64;Anglet;39223;25;2665;13,29%;;;;462602,96;;100;610;386;0;0;3;2
64065;64;Ascain;4156;25;131;6,71%;;;;56309,61;;10;87;4;0;0;0;0
64122;64;Biarritz;25330;25;1349;8,91%;;;;538526,52;;30;178;54;0;0;9;1
64125;64;Bidart;6513;25;454;13,12%;;;;96395,94;;17;156;156;0;0;0;0
64140;64;Boucau;7782;25;591;15,51%;;;;75001,36;75001,36;14;102;65;20;0;3;4
64189;64;Ciboure;6855;25;379;10,39%;oui;34,48;;113788,57;96748,78;23;91;41;0;0;0;0
64260;64;Hendaye;16759;25;1178;14,23%;;;;150756,92;;37;228;37;0;1;8;0
64405;64;Morla�s;4168;20;233;13,26%;;;;21435,88;;6;61;0;0;0;0;0
64407;64;Mouguerre;4741;25;184;9,02%;;;;64012;25959,28;21;84;13;0;1;3;0
64483;64;Saint-Jean-de-Luz;12994;25;1469;18,48%;;;;113493,8;;139;314;45;0;0;5;0
64495;64;Saint-P�e-sur-Nivelle;5954;25;181;6,58%;;;;67983,63;;15;64;18;0;0;0;0
64496;64;Saint-Pierre-d'Irube;4605;25;278;12,48%;;;;36568,53;;18;110;11;0;0;0;0
64519;64;Serres-Castet;3856;20;193;11,49%;;;;45385,34;;11;52;13;0;0;0;0
64545;64;Urrugne;9218;25;426;9,78%;;;;119817,36;;11;150;51;0;0;0;0
64547;64;Ustaritz;6294;25;332;11,11%;;;;52032,7;33171,52;14;44;60;0;0;0;22
66017;66;Le Barcar�s;4080;20;27;0,88%;oui;20;;86630,64;58453,74;0;0;0;0;0;0;0
66021;66;Bompas;7129;20;384;13,02%;;;;20472,14;;41;140;3;8;8;1;0
66028;66;Cabestany;9399;20;616;14,36%;;;;47127,69;47127,69;52;175;6;0;0;2;35
66037;66;Canet-en-Roussillon;12602;20;531;6,97%;oui;100;;336924,64;166924,64;12;32;0;0;0;2;0
66038;66;Canoh�s;4875;20;211;8,27%;;;;35375,19;;51;126;25;0;1;2;0
66136;66;Perpignan;120489;20;11129;18,78%;;;exon�r�e;;;835;1094;275;328;39;563;71
66141;66;Pia;7955;20;270;8,49%;;;;45582,93;45582,93;34;117;2;25;2;2;0
66144;66;Pollestres;4590;20;251;12,68%;;;;15981,12;;27;115;6;0;0;9;0
66164;66;Rivesaltes;8201;20;478;12,36%;oui;41,67;;77229,49;77229,49;27;85;8;0;5;13;0
66172;66;Saint-Est�ve;11362;20;650;12,44%;oui;11,32;;63209,89;63209,89;81;277;58;0;2;1;0
66180;66;Saint-Laurent-de-la-Salanque;9433;20;387;8,16%;oui;0;;56947,99;56947,99;53;142;5;0;2;1;40
66182;66;Sainte-Marie;4687;20;99;3,98%;oui;0;;40353,94;40353,94;2;7;0;0;0;0;0
66189;66;Saleilles;4680;20;232;10,05%;;;;28376,56;;30;72;13;0;0;0;32
66195;66;Le Soler;7221;20;236;7,56%;;;;46535,5;;30;128;0;1;3;0;0
66213;66;Toulouges;6398;20;391;13,19%;;;;25665,41;;40;151;0;10;0;8;0
66227;66;Villeneuve-de-la-Raho;3828;20;170;9,75%;;;;20238,61;20238,61;26;60;0;0;2;3;0
67046;67;Bischwiller;12643;20;870;18,50%;;;exon�r�e;;;24;260;128;0;22;8;0
67118;67;Eckbolsheim;6619;25;269;8,68%;oui;40;;147345,87;147345,87;9;111;7;0;0;0;0
67131;67;Eschau;4738;25;95;4,46%;;;;88147,27;;7;83;0;0;4;1;0
67137;67;Fegersheim;5443;25;210;9,57%;;;;93054,78;93054,78;100;0;7;0;3;0;0
67152;67;Geispolsheim;7124;25;320;10,95%;;;;98379,5;98379,5;12;89;12;0;4;0;0
67180;67;Haguenau;34406;20;2022;12,98%;;;;209451,59;;101;308;289;0;26;3;0
67204;67;Hoenheim;11031;25;884;17,87%;;;exon�r�e;;;30;213;81;0;1;14;0
67218;67;Illkirch-Graffenstaden;26379;25;2937;23,05%;;;exon�r�e;;;88;324;109;0;5;15;0
67267;67;Lingolsheim;16941;25;1703;21,00%;;;exon�r�e;;;81;445;44;0;0;11;0
67309;67;Mundolsheim;4878;25;115;5,56%;;;;101794,44;;29;23;15;0;0;2;0
67343;67;Oberhausbergen;4818;25;420;18,74%;;;;32725;32725;17;117;214;0;0;1;0
67365;67;Ostwald;11682;25;1006;19,96%;;;exon�r�e;;;21;324;32;0;0;15;0
67378;67;Plobsheim;4110;25;127;7,11%;;;;51394,09;;25;76;34;0;0;3;0
67389;67;Reichstett;4404;25;220;11,20%;oui;20;;74594,38;74594,38;11;34;0;0;0;1;0
67458;67;Schweighouse-sur-Moder;4911;20;248;11,84%;oui;0;;42613,2;;8;70;12;0;0;0;0
67471;67;Souffelweyersheim;7549;25;346;10,30%;;;;94838,41;;24;177;58;0;0;17;0
67506;67;Vendenheim;5548;25;159;6,94%;oui;20;;120409,42;120409,42;3;91;1;0;0;4;0
67519;67;La Wantzenau;5773;25;58;2,38%;oui;0;;127836,5;125203,1;0;42;3;0;0;2;0
67551;67;Wolfisheim;3984;25;203;11,18%;;;;46545;46545;8;60;19;0;0;17;0
68021;68;Bartenheim;3806;20;39;2,33%;;;;52536,67;52536,67;0;39;0;0;0;0;0
68042;68;Blotzheim;4268;20;87;4,47%;oui;100;;212996,5;147996,5;0;87;0;0;0;0;0
68043;68;Bollwiller;3695;20;197;12,29%;oui;0;;15710,43;15710,43;5;135;21;36;0;0;0
68056;68;Brunstatt (Brunstatt-Didenheim);6114;20;355;11,71%;;;;46748,19;46748,19;24;268;39;24;0;0;0
68118;68;Habsheim;4944;20;200;9,35%;oui;0;;51028,52;;30;106;19;45;0;0;0
68145;68;Horbourg-Wihr;5243;20;150;5,75%;;;;64545,77;;55;87;6;0;0;2;0
68154;68;Illzach;14812;20;1114;18,02%;;;exon�r�e;;;41;647;0;422;0;4;0
68155;68;Ingersheim;4621;20;383;18,46%;;;;5964,38;5964,38;102;146;13;114;0;8;0
68163;68;Kembs;4855;20;115;5,44%;;;;55954,18;55954,18;9;52;54;0;0;0;0
68166;68;Kingersheim;12954;20;906;15,87%;;;exon�r�e;;;107;454;169;170;0;6;0
68195;68;Lutterbach;6192;20;507;18,41%;;;;6426,75;;17;287;25;172;0;6;0
68218;68;Morschwiller-le-Bas;3527;20;126;8,42%;;;;28753,75;28753,75;0;90;36;0;0;0;0
68270;68;Richwiller;3516;20;124;7,91%;;;;34462,5;;4;64;12;44;0;0;0
68271;68;Riedisheim;12012;20;871;14,65%;;;;53584,91;;21;682;19;147;0;2;0
68278;68;Rixheim;13632;20;794;12,90%;oui;0;;99978,35;13979,35;44;592;75;78;0;5;0
68300;68;Sausheim;5454;20;346;15,01%;;;;55867,3;;13;191;0;141;0;1;0
68321;68;Staffelfelden;3727;20;255;16,17%;;;;7219,14;;12;167;4;72;0;0;0
68338;68;Turckheim;3723;20;186;10,17%;oui;25;;47720,15;;17;52;0;112;0;5;0
68349;68;Village-Neuf;3853;20;110;6,16%;;;;79938,63;;0;108;0;0;0;2;0
68374;68;Wintzenheim;7592;20;439;12,93%;oui;29;;52889,22;52889,21;0;265;13;161;0;0;0
69009;69;Anse;6450;25;519;19,43%;;;;25034,2;;18;150;74;0;0;1;0
69027;69;Brignais;11390;25;975;20,59%;;;;55752,32;55752,32;9;55;38;0;0;1;0
69028;69;Brindas;5651;25;181;8,01%;;;;63361,56;63361,56;10;70;19;0;0;10;0
69034;69;Caluire-et-Cuire;42038;25;3640;17,90%;;;;330085,19;80584,48;59;198;321;112;17;25;0
69040;69;Champagne-au-Mont-d'Or;5254;25;494;18,92%;oui;69,05;;77039,36;37963,36;15;116;59;0;0;0;0
69043;69;Chaponost;7963;25;428;12,38%;;;;109457,8;;21;168;13;0;1;8;0
69044;69;Charbonni�res-les-Bains;4851;25;215;9,95%;oui;400;;368948,24;313078,88;10;76;14;22;0;3;0
69046;69;Charly;4470;25;64;3,74%;oui;100;;146086,4;140827,4;4;48;6;0;0;0;0
69052;69;Chazay-d'Azergues;3943;25;70;4,23%;oui;88,57;;103765,34;103765,34;0;0;1;0;0;0;0
69063;69;Collonges-au-Mont-d'Or;3860;25;127;7,33%;oui;30,77;;111631,58;70896,31;10;42;67;1;2;1;0
69064;69;Condrieu;3856;20;310;18,30%;;;;3630,2;;6;66;0;5;5;0;0
69069;69;Craponne;10165;25;775;16,25%;;;;103870,53;;29;215;158;20;0;11;0
69072;69;Dardilly;8519;25;599;17,87%;oui;64,2;;113579,41;;5;237;39;0;2;1;0
69081;69;�cully;17742;25;1544;19,74%;;;;109806,87;;13;111;70;0;1;1;0
69088;69;Fontaines-sur-Sa�ne;6295;25;690;21,89%;;;;19404,98;19404,98;21;173;0;0;2;2;0
69089;69;Francheville;13599;25;1017;18,22%;;;;85409,1;;37;278;192;29;0;6;0
69094;69;Gr�zieu-la-Varenne;5227;25;260;11,24%;;;;52132,92;52132,92;12;89;70;11;0;3;0
69100;69;Irigny;8250;25;683;20,10%;;;;54874,62;54874,62;11;31;32;0;0;0;0
69112;69;Lentilly;5317;25;174;8,29%;;;;71445,5;71445,5;13;91;3;4;0;2;0
69115;69;Limas;4549;20;378;19,96%;;;;;;16;70;12;1;0;1;0
69123;69;Lyon;496343;25;52218;19,77%;;;exon�r�e;;;1875;5427;3014;779;94;301;0
69127;69;Marcy-l'�toile;3503;25;299;19,39%;;;;37590,6;12059,36;2;13;148;27;0;0;0
69133;69;Millery;3686;25;87;5,03%;;;;75499,8;75499,8;8;53;16;0;0;0;0
69142;69;La Mulati�re;6653;25;682;21,47%;;;;25771,2;;0;48;0;1;4;9;0
69149;69;Oullins;25896;25;2364;18,08%;;;exon�r�e;;;29;154;200;12;24;21;0
69152;69;Pierre-B�nite;10071;25;1080;24,63%;;;exon�r�e;;;25;72;40;0;2;8;0
69176;69;Soucieu-en-Jarrest;4055;25;114;6,96%;;;;40202,6;;11;52;20;7;0;0;0
69191;69;Saint-Cyr-au-Mont-d'Or;5480;25;225;10,31%;;;;75724,8;;13;75;4;50;0;1;0
69194;69;Saint-Didier-au-Mont-d'Or;6403;25;103;3,94%;;;;130146,5;112556,18;6;30;13;0;0;0;0
69202;69;Sainte-Foy-l�s-Lyon;21707;25;1176;12,22%;;;;264872,11;165470,41;34;241;104;3;0;1;0
69204;69;Saint-Genis-Laval;20632;25;1530;17,03%;;;;178778,6;137063,06;64;299;406;14;2;1;0
69205;69;Saint-Genis-les-Olli�res;4563;25;211;10,89%;;;;55793,01;40100,51;5;97;0;4;0;0;0
69206;69;Saint-Georges-de-Reneins;4292;20;139;7,80%;;;;51889,04;51889,04;0;0;0;0;0;0;0
69244;69;Tassin-la-Demi-Lune;21024;25;1346;13,44%;;;;270589,86;243333,06;30;281;256;2;2;31;0
69250;69;La Tour-de-Salvagny;3851;25;180;10,31%;;;;90595,84;;4;67;21;6;0;1;0
69255;69;Vaugneray;4925;25;243;11,81%;oui;59,52;;61693,42;61693,42;5;43;49;11;0;2;0
69260;69;Vernaison;4521;25;415;24,76%;;;;773,44;;0;0;49;0;0;1;0
69270;69;Chaponnay;3805;25;109;6,71%;;;;119530,62;119530,62;0;0;64;0;0;0;0
69271;69;Chassieu;9800;25;668;17,09%;;;;132530,1;;25;231;18;0;0;0;0
69272;69;Communay;4080;25;139;8,73%;oui;150;;118239,98;;8;37;7;0;0;0;0
69273;69;Corbas;11023;25;563;14,11%;;;;149256,94;132843,44;26;177;156;0;0;0;0
69275;69;D�cines-Charpieu;25912;25;2672;22,47%;;;exon�r�e;;;133;450;46;6;0;2;0
69277;69;Genas;12355;25;515;10,25%;;;;287508;;23;173;60;13;0;24;0
69278;69;Genay;5181;25;378;17,74%;;;;44010,12;;9;43;8;0;0;0;0
69282;69;Meyzieu;31493;25;2466;19,66%;;;exon�r�e;;;78;345;249;8;0;5;0
69283;69;Mions;12233;25;743;15,50%;;;;128969,75;;59;231;38;0;0;2;0
69291;69;Saint-Symphorien-d'Ozon;5443;25;181;7,99%;;;;87618,3;;10;60;10;1;0;1;0
69297;69;Ternay;5365;25;191;9,22%;oui;50;;88402,82;;1;22;10;5;0;0;0
71059;71;Le Breuil;3600;20;145;9,21%;;;;28952,2;;3;22;0;0;0;1;0
71105;71;Charnay-l�s-M�con;6874;20;483;14,12%;;;;30539,38;30539,38;36;109;47;1;0;1;0
71118;71;Ch�tenoy-le-Royal;6071;20;432;16,08%;;;;21371,11;10314,09;21;115;1;0;0;6;0
71221;71;Givry;3664;20;164;9,38%;;;;29420,81;;5;15;0;0;1;0;0
71486;71;Saint-Vallier;8900;20;830;19,62%;;;;2312,61;;3;91;0;0;0;3;0
72008;72;Arnage;5143;20;308;13,34%;;;;43060,32;;25;44;1;4;0;3;0
72054;72;Champagn�;3819;20;209;16,13%;;;;14652;14652;6;71;0;0;0;2;0
72058;72;Chang�;6340;20;207;8,06%;oui;50;;55791,45;;8;68;0;0;0;1;0
72213;72;Mulsanne;4610;20;295;14,87%;;;;14815,69;;22;53;20;0;0;0;0
72328;72;Sarg�-l�s-le-Mans;3537;20;109;7,26%;;;;27813,42;;6;39;0;11;0;0;0
72386;72;Yvr�-l'�v�que;4298;20;204;11,52%;;;;20271;8518;7;23;0;0;0;1;0
73008;73;Aix-les-Bains;28729;20;2958;18,80%;;;;40728,32;;216;366;165;124;0;381;0
73029;73;Barberaz;4572;20;250;11,08%;oui;45;;51886,84;51885,84;3;43;0;4;0;3;0
73031;73;Bassens;3863;20;201;11,07%;;;;34003,8;;13;48;0;25;0;0;0
73051;73;Le Bourget-du-Lac;4489;20;333;13,47%;;;;36534,12;;9;38;7;0;0;7;0
73064;73;Challes-les-Eaux;5050;20;255;10,68%;;;;46675,5;;27;67;0;2;0;7;0
73128;73;Gr�sy-sur-Aix;4181;20;276;14,99%;;;;19027,44;6793,6;20;73;19;0;0;23;0
73179;73;La Motte-Servolex;11452;20;741;13,65%;;;;74634,24;;21;142;5;0;0;8;0
73213;73;La Ravoire;8007;20;729;19,79%;;;;1494,85;;8;112;28;0;0;3;0
73222;73;Saint-Alban-Leysse;5663;20;223;8,64%;;;;60053,28;;22;47;0;3;0;7;0
74005;74;Allinges;4137;25;105;6,11%;;;;46270,25;46270,25;2;45;58;0;0;0;0
74008;74;Ambilly;6051;25;363;11,48%;;;;59367,88;59367,88;26;81;18;0;0;0;0
74010;74;Annecy;50943;25;5710;20,17%;;;;342482,73;;281;755;273;90;2;15;6
74011;74;Annecy-le-Vieux;20115;25;1808;18,00%;;;;176804,5;;65;498;94;4;2;0;0
74042;74;Bonneville;12479;25;1219;23,25%;;;exon�r�e;;;24;134;67;0;0;0;0
74081;74;Cluses;17525;25;1767;22,76%;;;exon�r�e;;;70;81;54;19;0;1;12
74082;74;Collonges-sous-Sal�ve;3887;25;69;4,21%;oui;87;;102990,08;102990,08;1;1;0;0;0;0;1
74093;74;Cran-Gevrier;17206;25;1356;17,56%;;;exon�r�e;;;9;209;74;0;0;1;0
74094;74;Cranves-Sales;5976;25;260;10,21%;;;;67041,91;67041,91;54;148;38;0;0;0;0
74104;74;Doussard;3573;25;114;6,79%;;;;43320,42;43320,42;0;0;0;0;0;0;0
74112;74;�pagny (Epagny-Metz-Tessy);4017;25;156;8,49%;;;;88985,04;;9;82;4;0;0;0;1
74119;74;�vian-les-Bains;8527;25;1080;24,23%;;;;10138,12;10138,12;11;44;84;0;0;8;0
74133;74;Gaillard;11303;25;1137;19,29%;;;exon�r�e;;;29;201;117;2;3;1;0
74164;74;Marignier;6357;25;329;12,14%;oui;79;;153122,67;;7;71;46;0;0;0;1
74169;74;Marnaz;5147;25;463;21,36%;;;;22402,03;22402,03;3;154;38;0;0;1;0
74182;74;Meythet;8312;25;908;22,47%;;;;26720,94;;6;43;47;0;0;1;0
74213;74;Poisy;7017;25;414;13,01%;;;;81213,2;;24;86;55;0;0;0;0
74217;74;Pringy;4080;25;136;7,65%;;;;81666,2;50366;5;93;21;0;0;0;0
74218;74;Publier;6506;25;525;17,75%;oui;100;;161452,1;161452,1;76;83;80;0;0;0;0
74220;74;Reignier-�sery;7125;25;320;10,34%;;;;67101,2;;24;109;24;0;0;0;0
74224;74;La Roche-sur-Foron;10635;25;943;19,20%;;;exon�r�e;;;8;313;139;0;0;0;0
74242;74;Saint-Jorioz;5752;25;240;8,70%;oui;100;;167607;167607;11;81;12;0;1;0;0
74243;74;Saint-Julien-en-Genevois;12099;25;1071;17,33%;;;exon�r�e;;;27;228;141;0;0;1;0
74250;74;Saint-Pierre-en-Faucigny;5903;25;236;9,40%;;;;93158,8;;0;25;0;0;0;0;0
74263;74;Sciez;5419;25;223;8,90%;;;;57166;;10;81;0;0;0;0;0
74264;74;Scionzier;7586;25;630;19,40%;;;;52881,92;52881,92;10;74;82;0;0;0;6
74267;74;S�vrier;4078;25;99;5,18%;oui;100;;148696,86;86362,78;4;19;5;0;0;2;0
74268;74;Seynod;18798;25;1708;19,61%;;;;115037,2;;80;223;38;29;0;2;0
74272;74;Sillingy;4704;25;232;12,08%;;;;38494,56;38494,56;20;125;82;0;0;5;0
74278;74;Thyez;5762;25;376;14,43%;oui;33;;120471,98;;12;82;27;0;0;0;0
74281;74;Thonon-les-Bains;34661;25;3411;20,24%;;;exon�r�e;;;45;215;194;0;0;10;0
74298;74;V�traz-Monthoux;7562;25;441;12,22%;;;;85257,34;;29;150;54;0;0;0;0
74305;74;Ville-la-Grand;8180;25;691;17,72%;oui;28;;80588,75;;30;85;95;0;0;0;0
75056;75;Paris;2240621;25;221917;19,09%;;;;28214456,27;;11524;168286;18352;15540;0;767;0
76103;76;Bonsecours;6510;20;530;17,77%;;;;9862,45;9862,45;2;34;3;0;0;0;19
76108;76;Bois-Guillaume - Bihorel;12847;20;488;8,57%;;;;145087,84;;8;134;61;32;0;0;4
76429;76;Le Mesnil-Esnard;7478;20;481;14,20%;;;;31640,49;;13;207;57;51;0;0;2
76475;76;Franqueville-Saint-Pierre;6119;20;413;16,76%;;;;14255,93;;10;181;2;10;0;0;0
77005;77;Annet-sur-Marne;3209;25;0;0,00%;;;;54023,71;54023,71;0;0;0;0;0;0;0
77040;77;Boissise-le-Roi;3696;20;143;10,52%;;;;19756,83;19756,83;11;53;36;43;0;0;0
77053;77;Brie-Comte-Robert;16075;20;1246;18,01%;;;non pr�levable;;;65;361;87;733;0;0;0
77058;77;Bussy-Saint-Georges;25615;25;2187;21,41%;;;exon�r�e;;;289;1338;518;42;0;0;0
77067;77;Cesson;9332;25;507;13,38%;;;;80317,87;;59;380;29;39;0;0;0
77108;77;Chelles;53247;25;4850;22,49%;;;exon�r�e;;;300;2928;362;1260;0;0;0
77111;77;Chessy;4517;25;373;18,32%;;;;67959,45;67959,45;40;242;58;33;0;0;0
77118;77;Claye-Souilly;11299;25;633;12,91%;;;;138663,65;138663,65;24;76;59;474;0;0;0
77121;77;Coll�gien;3150;25;266;21,52%;;;;12993,19;12993,19;25;241;0;0;0;0;0
77122;77;Combs-la-Ville;22031;25;1941;22,31%;;;exon�r�e;;;130;1191;115;505;0;0;0
77124;77;Conches-sur-Gondoire;1729;25;125;19,75%;oui;100;;8749,38;;5;15;105;0;0;0;0
77139;77;Courtry;6403;25;179;7,83%;;;;60236,68;60236,68;27;147;0;5;0;0;0
77153;77;Dammartin-en-Go�le;8464;25;333;9,27%;;;;94627,88;94627,88;32;183;38;80;0;0;0
77155;77;Dampmart;3179;25;145;11,40%;oui;81;;38400,94;33981,33;9;30;0;106;0;0;0
77169;77;�merainville;7355;25;617;22,98%;;;;15420,87;15420,87;59;558;0;0;0;0;0
77181;77;Ferri�res-en-Brie;2288;25;137;10,50%;;;;76379,39;76379,39;0;56;81;0;0;0;0
77243;77;Lagny-sur-Marne;20328;25;1961;21,19%;;;exon�r�e;;;25;136;119;1676;0;5;0
77249;77;L�signy;7425;25;257;9,36%;oui;86;;95943,3;95943,3;6;38;0;213;0;0;0
77255;77;Livry-sur-Seine;1925;20;109;12,51%;;;;8578,9;8578,9;3;22;0;84;0;0;0
77259;77;Longperrier;2474;25;66;7,26%;;;;22103,16;22103,16;10;56;0;0;0;0;0
77276;77;Mareuil-l�s-Meaux;2384;20;94;10,73%;;;;15665,93;6731,93;6;88;0;0;0;0;0
77307;77;Mont�vrain;9225;25;844;19,19%;;;;52893,03;52893,03;55;427;269;93;0;0;0
77322;77;Moussy-le-Neuf;2927;25;71;6,54%;;;;47634,63;47634,63;12;40;19;0;0;0;0
77330;77;Nanteuil-l�s-Meaux;5475;20;171;7,34%;;;;41356,39;;15;111;32;13;0;0;0
77335;77;Chauconin-Neufmontiers;2833;20;59;7,80%;;;;6721,21;6721,21;10;49;0;0;0;0;0
77344;77;Oissery;2124;25;17;2,34%;;;;22406,03;22406,03;1;16;0;0;0;0;0
77349;77;Othis;6459;25;294;12,07%;;;;55589,77;55589,77;7;158;0;129;0;0;0
77350;77;Ozoir-la-Ferri�re;20074;25;1176;15,37%;oui;63;exon�r�e;;;11;311;0;854;0;0;0
77373;77;Pontault-Combault;37631;25;2468;17,17%;;;exon�r�e;;;321;1351;126;670;0;0;0
77378;77;Pringy;2549;25;97;7,78%;;;;35229,02;15229,02;19;74;4;0;0;0;0
77384;77;R�au;1548;25;14;3,38%;;;;19497,49;19497,49;3;11;0;0;0;0;0
77390;77;Roissy-en-Brie;22518;25;1715;21,90%;;;exon�r�e;;;29;626;57;1003;0;0;0
77394;77;Rubelles;1989;20;114;14,82%;;;;7007,4;7007,4;8;50;6;50;0;0;0
77407;77;Saint-Fargeau-Ponthierry;13170;25;1189;20,65%;;;exon�r�e;;;47;378;38;726;0;0;0
77430;77;Saint-Pathus;5901;25;14;0,70%;;;;65026,66;65026,66;14;0;0;0;0;0;0
77438;77;Saint-Thibault-des-Vignes;6256;25;466;20,20%;;;;28153,3;28153,3;17;369;17;63;0;0;0
77447;77;Seine-Port;1927;20;7;0,93%;oui;67;;38076,17;38076,17;3;3;0;0;0;1;0
77450;77;Servon;3121;25;86;7,29%;;;;52938,16;;8;64;14;0;0;0;0
77464;77;Thorigny-sur-Marne;9107;25;704;18,26%;;;;38253,81;38253,81;15;71;0;618;0;0;0
77475;77;Trilport;4898;20;133;7,01%;;;;30460,52;30460,52;10;115;0;8;0;0;0
77483;77;Varreddes;1856;20;1;0,13%;;;;14845,49;;0;1;0;0;0;0;0
77487;77;Vaux-le-P�nil;10730;20;727;16,86%;;;;33813,31;33813,31;67;376;30;254;0;0;0
77495;77;Vert-Saint-Denis;7007;25;380;14,23%;;;;55377,49;9132,49;42;318;20;0;0;0;0
77514;77;Villeparisis;25556;25;2122;20,53%;;;exon�r�e;;;378;810;118;816;0;0;0
77517;77;Villevaud�;2040;25;0;0,00%;;;;37481,59;37481,59;0;0;0;0;0;0;0
78015;78;Andr�sy;11991;25;845;16,40%;;;;87558,95;;17;35;36;0;0;0;0
78030;78;Auffargis;1979;25;22;2,73%;;;;41101,98;41101,98;8;14;0;0;0;0;0
78043;78;Bailly;3894;25;101;6,63%;;;;77029,11;;14;56;0;0;0;0;0
78073;78;Bois-d'Arcy;13813;25;903;15,97%;;;;114790,8;114790,8;127;230;216;0;0;0;0
78087;78;Bonnelles;1931;25;41;5,25%;;;;29939,14;;20;9;0;0;0;0;0
78090;78;Bouafle;2092;20;17;1,98%;;;;29126,02;29126,02;0;17;0;0;0;0;0
78092;78;Bougival;8498;25;593;15,64%;;;;86999,04;;18;30;83;0;0;0;0
78117;78;Buc;5462;25;439;17,93%;;;;76509,25;76509,25;15;143;60;0;0;0;0
78118;78;Buchelay;2619;25;252;22,38%;;;;11068,14;11068,14;45;152;37;0;0;0;0
78120;78;Bullion;1950;25;65;9,39%;;;;21936,96;21936,96;3;34;0;0;0;0;0
78124;78;Carri�res-sur-Seine;15087;25;1202;20,28%;;;;58433,2;58433,2;8;224;26;0;0;0;0
78126;78;La Celle-Saint-Cloud;21132;25;1004;11,84%;;;;243315,3;;50;99;248;0;0;0;0
78128;78;Cernay-la-Ville;1641;25;6;0,93%;;;;34064,35;;0;0;5;0;0;0;0
78133;78;Chambourcy;5857;25;445;19,53%;;;;52339,16;52339,16;1;44;0;0;0;0;0
78146;78;Chatou;30585;25;1924;14,88%;;;;286042,68;;66;387;124;0;0;3;0
78158;78;Le Chesnay;28980;25;1994;15,07%;;;;331443,36;;117;217;551;0;0;1;0
78160;78;Chevreuse;5789;25;305;13,06%;oui;67;;110361,24;;57;70;29;0;0;0;0
78165;78;Les Clayes-sous-Bois;17658;25;1731;24,20%;;;exon�r�e;;;16;133;85;0;0;0;0
78172;78;Conflans-Sainte-Honorine;35135;25;3004;20,93%;;;exon�r�e;;;95;357;80;0;0;1;0
78190;78;Croissy-sur-Seine;10063;25;546;13,46%;;;;117229,32;;29;113;44;0;1;0;0
78217;78;�p�ne;6467;25;450;17,54%;;;;57559,76;57559,76;0;12;28;0;0;0;0
78224;78;L' �tang-la-Ville;4688;25;76;4,17%;oui;200;;239514,53;40415,53;2;12;10;0;0;0;0
78238;78;Flins-sur-Seine;2353;20;43;4,27%;;;;67074,16;67074,16;0;42;0;0;0;0;0
78239;78;Follainville-Dennemont;1857;25;46;6,41%;;;;30023,42;;6;16;0;0;1;0;0
78251;78;Fourqueux;4055;25;195;12,99%;;;;36916,2;;28;81;2;0;0;0;0
78267;78;Gargenville;6824;25;360;12,89%;;;;94146,52;94146,52;24;24;6;0;4;0;0
78291;78;Guerville;2139;25;13;1,49%;oui;21;;80726,88;;5;8;0;0;0;0;0
78299;78;Hardricourt;2070;20;161;18,07%;;;;4485,45;;16;106;0;0;0;0;0
78311;78;Houilles;32399;25;1788;13,03%;;;;280601,38;;29;86;67;0;0;0;0
78321;78;Jouars-Pontchartrain;5289;25;160;7,97%;;;;74651,76;28461,76;47;61;0;0;0;0;0
78322;78;Jouy-en-Josas;8251;25;343;8,99%;;;;141532,2;;27;141;16;0;0;0;0
78327;78;Juziers;3817;20;72;4,70%;;;;44726,76;33051,38;16;43;3;0;0;0;0
78343;78;Les Loges-en-Josas;1550;25;42;8,03%;;;;26227,52;26227,52;0;2;0;0;2;0;0
78350;78;Louveciennes;7120;25;368;12,83%;;;;112960,83;;28;32;103;0;1;0;0
78358;78;Maisons-Laffitte;23215;25;1239;11,98%;oui;0;;300123,3;;46;140;212;0;5;0;0
78367;78;Mareil-Marly;3519;25;58;4,67%;;;;51811,2;;0;0;48;0;0;0;0
78372;78;Marly-le-Roi;16600;25;945;12,77%;;;;211770;;52;237;34;0;0;1;0
78382;78;Maurecourt;4369;25;284;17,17%;;;;29090,79;29090,79;11;39;38;0;0;0;0
78383;78;Maurepas;18907;25;1418;17,54%;;;;169432,9;19724,9;23;72;81;0;1;0;0
78396;78;Le Mesnil-le-Roi;6383;25;518;21,52%;;;;14363,15;14363,15;0;74;12;0;0;0;0
78397;78;Le Mesnil-Saint-Denis;6593;25;125;4,73%;;;;101366,45;101366,45;1;51;47;0;0;0;0
78402;78;M�zi�res-sur-Seine;3587;25;119;8,56%;;;;60575,04;60575,04;0;0;0;0;0;0;0
78403;78;M�zy-sur-Seine;1984;20;45;5,84%;;;;18164,85;;6;31;0;0;5;0;0
78418;78;Montesson;15280;25;917;15,63%;;;;116755,83;;27;55;60;0;2;0;0
78423;78;Montigny-le-Bretonneux;33680;25;3069;22,62%;;;;124064,3;;15;84;28;0;0;0;0
78431;78;Morainvilliers;2547;25;84;8,91%;;;;36569,18;36569,18;0;0;10;0;0;0;0
78442;78;Neauphle-le-Ch�teau;3044;25;92;6,85%;;;;55490,48;55490,48;15;39;9;0;0;0;0
78455;78;Noisy-le-Roi;7721;25;291;9,52%;;;;105337,1;105337,1;17;48;11;0;0;0;0
78466;78;Orgeval;5978;25;120;5,46%;oui;25;;173976,66;173976,66;5;56;32;0;0;0;0
78481;78;Le Pecq;16350;25;1539;22,23%;;;;38492,23;;4;22;91;0;0;5;0
78501;78;Porcheville;3094;25;151;14,92%;;;;52661,58;52661,58;13;40;0;0;0;0;0
78517;78;Rambouillet;25833;25;2404;20,80%;;;;119974,45;119974,45;25;19;329;0;0;0;0
78524;78;Rocquencourt;3216;25;112;7,25%;;;;88428,02;;11;45;4;0;0;0;0
78531;78;Rosny-sur-Seine;5689;25;363;15,96%;;;;45118,45;45118,45;108;204;23;0;0;0;0
78537;78;Saint-Arnoult-en-Yvelines;6128;25;123;4,95%;;;;112318,92;;0;0;0;0;0;0;0
78551;78;Saint-Germain-en-Laye;39476;25;3384;20,16%;;;;188249,32;;36;304;240;0;0;3;0
78575;78;Saint-R�my-l�s-Chevreuse;7730;25;586;19,38%;;;;41685,54;;69;35;56;0;0;1;0
78601;78;Sonchamp;1592;25;2;0,31%;;;;35624;35624;0;0;0;0;0;0;0
78624;78;Triel-sur-Seine;11431;25;465;9,83%;;;;144453,99;144453,99;46;72;68;0;0;0;0
78638;78;Vaux-sur-Seine;4782;20;185;9,93%;;;;32427,67;32427,67;3;19;32;0;0;1;0
78640;78;V�lizy-Villacoublay;21104;25;1722;17,80%;;;;423696,96;423696,96;228;379;351;0;0;0;0
78642;78;Verneuil-sur-Seine;15290;25;1459;23,15%;;;exon�r�e;;;72;225;25;0;0;0;0
78646;78;Versailles;85424;25;6972;18,59%;;;;569435,48;;65;627;906;0;3;1;0
78650;78;Le V�sinet;15901;25;652;9,83%;oui;0;;289134,46;157880,71;21;12;99;0;0;0;0
78672;78;Villennes-sur-Seine;5115;25;110;5,43%;;;;96394,32;96394,32;10;43;18;0;0;0;0
78674;78;Villepreux;9927;25;605;16,54%;;;exon�r�e;;;13;33;45;0;0;32;0
78683;78;Villiers-Saint-Fr�d�ric;2730;25;39;3,69%;;;;64559,25;;8;31;0;0;0;0;0
78686;78;Viroflay;15678;25;938;13,90%;;;;165581,43;;129;350;213;0;0;0;0
78688;78;Voisins-le-Bretonneux;11470;25;689;15,90%;;;;148794,1;6476,6;12;190;64;0;0;0;0
79003;79;Aiffres;5360;20;417;17,62%;;;;7267,12;;47;123;16;0;0;6;0
79049;79;Bressuire;18966;20;1058;12,37%;;;exon�r�e;;;9;77;0;32;0;24;0
79079;79;Maul�on;8354;20;395;11,50%;;;exon�r�e;;;0;31;0;0;0;32;0
79081;79;Chauray;6483;20;413;14,16%;;;;44897;;23;188;73;0;0;1;0
79195;79;Nueil-les-Aubiers;5569;20;436;19,53%;;;exon�r�e;;;0;51;80;0;0;15;0
80725;80;Salou�l;4033;20;257;19,59%;;;;818;;0;115;11;0;0;0;0
81004;81;Albi;49231;20;4643;18,57%;;;exon�r�e;;;204;1167;351;2643;2;276;0
81144;81;Lescure-d'Albigeois;4424;20;173;8,95%;;;;31151,18;;11;113;33;0;1;15;0
81257;81;Saint-Ju�ry;6715;20;661;19,63%;;;;1699,95;;21;116;0;507;2;15;0
82025;82;Bressols;3616;20;22;1,50%;;;;45430;;5;13;0;0;2;0;0
82121;82;Montauban;56887;20;4608;16,07%;oui;0;exon�r�e;;;178;1495;74;78;40;311;0
82124;82;Montbeton;3597;20;4;0,27%;;;;31334;;3;0;0;0;0;1;0
82161;82;Saint-�tienne-de-Tulmont;3676;20;113;7,54%;;;;14136;14136;3;67;2;0;0;3;0
83004;83;Les Arcs;6971;25;179;5,30%;oui;98,53;;208411;208411;26;86;40;0;0;18;0
83009;83;Bandol;7622;25;345;6,26%;oui;25,42;;324804,06;4806,19;14;35;84;0;0;0;0
83016;83;Le Beausset;9204;25;57;1,34%;oui;80;;271459,94;271459,94;0;38;0;0;0;6;0
83027;83;La Cadi�re-d'Azur;5448;25;115;4,79%;oui;70;;132274,62;;16;49;0;0;1;0;0
83034;83;Carqueiranne;9899;25;284;5,64%;oui;42,59;;262710,44;208839,55;3;64;0;0;0;0;0
83035;83;Le Castellet;4083;25;24;1,18%;oui;100;;143515,8;143515,8;0;0;0;0;0;0;0
83047;83;La Crau;16592;25;460;6,19%;oui;68,49;;351690,52;111694,61;0;119;0;0;1;2;0
83049;83;Cuers;10452;25;85;1,71%;;;;153719,02;26719,02;6;19;0;0;2;4;0
83050;83;Draguignan;37476;25;3104;17,29%;;;exon�r�e;;;139;383;168;0;0;132;0
83054;83;La Farl�de;8682;25;252;7,26%;;;;129550,96;;12;106;59;0;0;0;0
83058;83;Flayosc;4366;25;99;4,51%;oui;40;;105646,5;;1;4;0;0;0;0;0
83061;83;Fr�jus;52532;25;2621;10,29%;oui;15;;740386,5;446147,36;57;494;138;0;0;72;0
83069;83;Hy�res;55402;25;3420;12,44%;;;;657675,04;;46;114;138;0;9;114;0
83072;83;Lorgues;9047;25;264;6,26%;oui;140;;303633,26;183633,26;4;13;0;0;0;0;0
83086;83;Le Muy;9327;25;243;6,03%;oui;30;;145724,85;145724,85;2;6;0;0;4;26;0
83090;83;Ollioules;13267;25;637;10,49%;;;;170649,7;;0;0;0;0;0;0;0
83098;83;Le Pradet;11336;25;446;8,50%;;;;144699,94;;0;0;0;0;0;0;0
83099;83;Puget-sur-Argens;6915;25;133;4,15%;;;;185049,36;;22;81;36;0;0;0;0
83103;83;Le Revest-les-Eaux;3616;25;38;2,43%;;;;53007,68;53007,68;0;0;0;0;0;0;0
83107;83;Roquebrune-sur-Argens;12155;25;326;4,63%;;;;364809,6;364809,6;5;25;119;0;0;6;0
83112;83;Saint-Cyr-sur-Mer;11755;25;292;4,95%;;;;210266,42;;0;0;0;0;0;0;0
83118;83;Saint-Rapha�l;34115;25;1716;8,66%;;;;719487,99;;73;0;91;0;2;53;0
83120;83;Saint-Zacharie;5013;25;102;4,50%;;;;73125,9;73125,9;0;51;0;0;0;17;0
83121;83;Salernes;3764;25;135;6,48%;;;;75860,58;75860,58;0;0;0;0;0;0;0
83123;83;Sanary-sur-Mer;16062;25;371;3,88%;oui;100;;874607,96;;0;0;0;0;0;0;0
83126;83;La Seyne-sur-Mer;63902;25;5887;18,86%;;;exon�r�e;;;81;172;307;0;0;114;0
83129;83;Six-Fours-les-Plages;34057;25;1384;7,58%;;;;586958,12;141958,12;15;172;175;0;0;7;0
83130;83;Solli�s-Pont;11624;25;458;9,29%;oui;0;;105996,75;;31;93;0;0;0;0;0
83131;83;Solli�s-Toucas;5375;25;18;0,80%;oui;80;;128638,98;;0;0;0;0;0;0;0
83137;83;Toulon;164899;25;12667;15,41%;;;exon�r�e;;;94;459;367;0;26;520;0
83141;83;Trans-en-Provence;5562;25;20;0,77%;;;;109693,98;;0;15;0;0;0;5;0
83144;83;La Valette-du-Var;21155;25;1301;12,14%;oui;20;;391572,08;;0;0;0;0;0;0;0
83148;83;Vidauban;10908;25;450;9,51%;;;;97298,42;;0;34;24;0;0;8;0
83150;83;Vinon-sur-Verdon;4199;25;92;4,98%;;;;62633,6;;3;0;40;0;0;12;0
83153;83;Saint-Mandrier-sur-Mer;5751;25;177;6,21%;;;;85963,8;;7;40;0;0;0;1;0
84004;84;Aubignan;5244;20;146;6,49%;oui;43,21;;59338,77;;24;66;12;0;2;17;0
84031;84;Carpentras;28520;20;2450;18,74%;;;exon�r�e;;;27;64;0;0;13;272;0
84034;84;Caumont-sur-Durance;4663;25;19;0,96%;oui;0;;80164,62;;4;8;0;6;0;0;0
84035;84;Cavaillon;25289;25;2623;21,20%;;;exon�r�e;;;29;73;68;0;4;14;0
84038;84;Cheval-Blanc;4080;25;40;2,34%;;;;78042,32;;7;28;3;0;0;0;0
84039;84;Courth�zon;5453;25;50;2,13%;;;;89065,9;72187,65;4;10;0;0;0;7;0
84043;84;Entraigues-sur-la-Sorgue;8038;25;601;16,37%;;;;55994,88;34231,52;50;209;36;0;4;11;0
84054;84;L' Isle-sur-la-Sorgue;18902;25;1156;12,30%;;;;222573,54;222573,54;5;138;16;2;0;0;0
84072;84;Mazan;5804;20;53;2,11%;oui;0;;62845,44;62845,44;3;3;0;0;7;11;0
84080;84;Monteux;11436;25;714;13,71%;oui;0;;101477,04;101477,04;56;189;15;3;4;22;0
84081;84;Mori�res-l�s-Avignon;7955;25;282;8,00%;oui;0;;97356;;19;83;0;0;2;2;0
84087;84;Orange;28948;25;2860;21,70%;;;exon�r�e;;;0;50;0;1;2;92;0
84088;84;Pernes-les-Fontaines;10429;25;238;5,15%;oui;73,27;;236569,22;236569,22;3;45;3;0;1;12;0
84089;84;Pertuis;19141;25;938;10,37%;oui;0;;283201,38;283201,38;30;96;51;0;0;18;0
84092;84;Le Pontet;17002;25;1378;19,15%;;;exon�r�e;;;279;193;117;0;1;7;0
84099;84;Robion;4129;25;128;6,76%;;;;54955,18;54955,18;8;56;11;0;0;1;0
84119;84;Saint-Saturnin-l�s-Avignon;4845;25;148;7,47%;oui;97,78;;100219,89;10219,89;3;35;2;0;7;11;0
84129;84;Sorgues;18473;25;1498;18,91%;;;exon�r�e;;;27;137;0;0;6;33;0
84132;84;Le Thor;8416;25;242;6,82%;;;;91376,7;34664,01;17;45;16;0;0;3;0
84141;84;Ved�ne;10640;25;646;14,33%;oui;24,1;;126069,72;;30;122;82;2;0;37;0
85046;85;La Chaize-le-Vicomte;3501;20;120;8,47%;;;;21561;21561;0;17;13;0;0;10;0
85047;85;Challans;18930;20;798;8,48%;;;non pr�levable;;;21;69;29;0;0;3;1
85081;85;Dompierre-sur-Yon;4102;20;88;5,37%;;;;27563;;0;13;0;0;0;5;2
85089;85;La Ferri�re;4920;20;210;10,24%;;;;23824;;7;50;0;0;0;6;3
85155;85;Mouilleron-le-Captif;4803;20;110;5,92%;;;;48084;48084;0;49;2;0;0;1;0
85300;85;Venansault;4580;20;105;5,91%;;;;26248;;1;32;0;0;0;6;0
86041;86;Buxerolles;9992;20;922;18,68%;;;exon�r�e;;;3;89;98;0;0;1;0
86100;86;Fontaine-le-Comte;3818;20;109;7,14%;;;;28315,38;28315,38;2;33;0;0;0;2;0
86115;86;Jaunay-Clan;5909;20;400;14,95%;;;;23945,22;;1;3;103;0;3;27;0
86157;86;Mignaloux-Beauvoir;4011;20;191;10,47%;;;;27719,71;5223,71;0;24;177;0;0;0;0
86158;86;Mign�-Auxances;5957;20;307;12,19%;;;;30707,88;;18;28;7;0;3;3;0
86214;86;Saint-Beno�t;7094;20;439;12,68%;;;;45051,48;18589,89;16;47;65;0;0;2;0
86297;86;Vouneuil-sous-Biard;5304;20;142;5,97%;;;;48933,78;;28;52;9;0;0;2;0
87048;87;Condat-sur-Vienne;4779;20;289;13,40%;;;;21371,53;21371,53;27;61;3;0;0;0;0
87050;87;Couzeix;8703;20;460;12,02%;;;;50206,45;;16;115;68;0;0;1;0
87065;87;Feytiat;6125;20;497;18,80%;;;;7551,68;7551,68;24;131;2;0;0;2;0
87075;87;Isle;7515;20;706;19,56%;;;;2522,21;;3;39;4;0;0;0;0
87113;87;Le Palais-sur-Vienne;6073;20;490;18,89%;;;;5059,08;;2;77;0;0;0;0;0
87114;87;Panazol;10413;20;850;18,09%;;;exon�r�e;;;146;145;23;0;0;0;0
87125;87;Rilhac-Rancon;4397;20;102;5,59%;;;;36768,87;;14;14;0;0;1;0;0
87201;87;Verneuil-sur-Vienne;4550;20;27;1,42%;;;;45537,54;45537,54;0;9;0;0;0;0;0
89263;89;Mon�teau;3999;20;192;10,73%;;;;50048;26048;7;168;17;0;0;0;0
90032;90;Danjoutin;3612;20;329;19,01%;;;;3023,21;;3;14;0;0;2;5;0
91016;91;Angerville;4137;20;186;11,20%;;;;21698,52;21698,52;10;30;0;0;0;0;0
91021;91;Arpajon;10832;25;1202;23,77%;;;exon�r�e;;;11;9;70;194;0;13;0
91044;91;Ballainvilliers;3914;25;173;10,99%;;;;58531;58531;27;98;15;3;0;0;0
91064;91;Bi�vres;4433;25;231;12,45%;;;;96229;;14;45;2;0;0;0;0
91086;91;Bondoufle;9152;25;315;9,55%;;;;126837;;4;14;0;12;0;0;0
91097;91;Boussy-Saint-Antoine;6489;20;533;18,97%;;;;4777,08;4777,08;22;119;240;0;0;0;0
91105;91;Breuillet;8408;25;609;19,08%;;;;29818,53;;15;28;0;0;0;0;0
91114;91;Brunoy;25685;20;2061;19,75%;oui;58;exon�r�e;;;45;96;360;0;0;5;0
91115;91;Bruy�res-le-Ch�tel;3513;25;155;11,98%;;;;26772,48;;27;92;0;4;0;0;0
91122;91;Bures-sur-Yvette;9726;20;550;14,59%;;;;38154,12;38154,12;15;13;9;0;0;0;0
91161;91;Chilly-Mazarin;19213;25;1487;18,07%;;;;156932,4;87558,4;80;458;168;56;0;0;0
91179;91;Le Coudray-Montceaux;4728;20;368;19,95%;;;;387,81;;4;40;77;0;0;0;0
91191;91;Crosne;9191;20;506;14,02%;;;;40819,9;;24;103;78;0;0;0;0
91216;91;�pinay-sur-Orge;10285;25;516;12,39%;oui;51;;129249,96;129249,96;18;139;8;0;0;0;0
91225;91;�tiolles;3135;20;138;10,31%;;;;29726,76;;34;100;0;0;0;0;0
91275;91;Gometz-le-Ch�tel;2618;20;92;8,90%;;;;16859,46;16859,46;4;48;30;0;0;0;0
91326;91;Juvisy-sur-Orge;15188;25;1742;22,17%;;;exon�r�e;;;119;486;88;0;0;0;0
91333;91;Leuville-sur-Orge;4074;20;138;8,63%;;;;30254,15;30254,15;22;54;28;0;0;0;0
91339;91;Linas;6647;25;182;7,18%;oui;262;;367763,98;339431,88;13;53;0;0;0;0;0
91347;91;Longpont-sur-Orge;6585;20;173;6,99%;;;;63079,8;28730,18;50;87;0;0;0;3;0
91363;91;Marcoussis;8007;25;454;14,43%;;;;89374,4;89374,4;67;139;65;1;0;0;0
91386;91;Mennecy;13127;25;1298;23,03%;;;exon�r�e;;;72;417;53;0;0;0;0
91390;91;M�r�ville;3160;20;44;3,32%;;;;38200,8;38200,8;0;0;0;0;0;0;0
91425;91;Montlh�ry;7201;25;330;10,60%;oui;0;;87588,48;87588,48;19;87;47;0;0;0;0
91432;91;Morangis;12476;25;676;13,12%;;;;188511,83;188511,83;21;177;67;0;0;0;0
91433;91;Morigny-Champigny;4321;20;2;0,11%;;;;69812,42;69812,42;0;0;0;0;0;0;0
91457;91;La Norville;4083;25;167;10,44%;;;;42794,72;;5;37;12;0;0;3;0
91458;91;Nozay;4757;25;134;7,52%;;;;101015,91;101015,91;6;10;0;0;0;0;0
91461;91;Ollainville;4613;25;129;8,47%;;;;53678,86;;8;34;1;5;0;0;0
91468;91;Ormoy;1929;25;63;8,79%;;;;26291,4;26291,4;14;24;23;0;0;0;0
91494;91;Le Plessis-P�t�;4096;20;170;11,16%;;;;34907;;40;120;0;0;0;0;0
91511;91;Pussay;2011;20;24;2,72%;;;;22043,04;;22;0;0;0;0;0;0
91533;91;Saclas;1798;20;93;12,22%;;;;8274,75;8274,75;0;0;0;1;0;0;0
91534;91;Saclay;3637;20;208;14,16%;;;;26629,65;26629,65;24;65;34;6;0;0;0
91553;91;Saint-Germain-l�s-Corbeil;7310;20;344;11,80%;;;;59396,28;;40;169;0;0;0;0;0
91577;91;Saintry-sur-Seine;5193;25;203;9,44%;;;;77374,44;;36;77;0;0;0;0;0
91587;91;Saulx-les-Chartreux;5128;25;286;13,76%;;;;50055,39;;8;13;0;0;0;0;0
91589;91;Savigny-sur-Orge;37135;25;2416;15,46%;;;;286020,4;286020,4;43;164;210;338;0;0;1
91600;91;Soisy-sur-Seine;6795;20;381;12,95%;;;;52743,6;52743,6;18;99;0;0;0;0;0
91631;91;Varennes-Jarcy;2347;25;32;3,86%;;;;38823,75;;1;23;0;0;0;0;0
91635;91;Vauhallan;1956;20;19;2,47%;;;;26352;26352;8;8;0;3;0;0;0
91645;91;Verri�res-le-Buisson;15612;25;1191;18,59%;;;;98257,77;;42;124;135;0;0;0;0
91659;91;Villab�;5168;25;216;11,03%;oui;79;;166421,45;166421,45;26;134;0;0;0;0;0
91661;91;Villebon-sur-Yvette;9859;25;751;16,91%;;;;194728,78;194728,78;33;163;71;0;0;0;0
91665;91;La Ville-du-Bois;7187;25;203;7,51%;;;;90831,68;20117,68;17;110;3;0;0;0;0
91666;91;Villejust;2268;25;0;0,00%;;;;93076,06;93076,06;0;0;0;0;0;0;0
91667;91;Villemoisson-sur-Orge;7003;20;282;10,09%;;;;52992;25767,25;9;50;4;0;0;0;0
91691;91;Yerres;28784;20;1648;13,54%;oui;41;;170012,16;;27;124;167;0;0;0;0
92002;92;Antony;61624;25;5325;20,47%;;;;304276,32;;1107;103;52;3;0;1;0
92004;92;Asni�res-sur-Seine;83845;25;8033;21,04%;;;exon�r�e;;;145;428;907;13;0;0;0
92009;92;Bois-Colombes;28709;25;2301;18,18%;;;;199573,93;;34;437;47;0;0;0;0
92012;92;Boulogne-Billancourt;117126;25;8216;14,15%;;;;2700633,6;;191;1203;943;191;0;0;0
92014;92;Bourg-la-Reine;19872;25;1565;17,58%;;;;154500,72;;14;111;83;0;0;1;0
92020;92;Ch�tillon;34960;25;3868;24,22%;;;;31075,64;;57;265;270;49;0;0;0
92022;92;Chaville;19343;25;2129;23,71%;;;;31066,33;;250;280;111;0;1;0;0
92026;92;Courbevoie;86854;25;8711;21,62%;;;;724782,85;371842,26;57;603;487;120;0;0;0
92033;92;Garches;17818;25;1832;22,76%;;;;47234,52;47234,52;5;28;19;143;0;0;0
92035;92;La Garenne-Colombes;28371;25;1622;11,81%;;;;509780,83;;64;308;189;1;1;0;0
92040;92;Issy-les-Moulineaux;65322;25;7588;23,66%;;;;183752,11;;56;635;223;279;0;0;0
92044;92;Levallois-Perret;64654;25;5853;19,06%;;;;898754,11;;136;1223;395;96;0;0;0
92047;92;Marnes-la-Coquette;1634;25;82;12,89%;;;;26813,56;;4;18;30;0;0;0;0
92049;92;Montrouge;48909;25;5000;20,73%;;;;280552,73;280552,73;18;389;89;15;0;0;0
92051;92;Neuilly-sur-Seine;62021;25;1757;5,81%;oui;40;;3964150,01;;74;623;640;0;0;46;17
92063;92;Rueil-Malmaison;79563;25;8090;24,51%;;;;58403,27;;18;557;500;73;0;0;0
92064;92;Saint-Cloud;29436;25;2150;16,62%;;;;371779,48;;14;104;379;0;0;0;0
92071;92;Sceaux;19986;25;1850;21,74%;;;;67566,39;;6;32;742;0;0;0;0
92072;92;S�vres;23572;25;2321;23,46%;;;;47045,82;47045,82;48;8;12;0;0;0;0
92075;92;Vanves;27367;25;3042;23,73%;;;;47212,96;;10;81;90;0;0;0;0
92076;92;Vaucresson;8611;25;275;7,61%;;;;178869,47;;14;75;82;0;2;16;0
92077;92;Ville-d'Avray;11027;25;532;10,87%;;;;215880,47;94474,47;49;138;171;0;0;0;0
93015;93;Coubron;4668;25;105;5,70%;oui;69;;100792,09;100792,09;8;40;0;0;0;0;0
93032;93;Gagny;39172;25;3610;23,11%;;;exon�r�e;;;6;122;616;0;0;0;0
93033;93;Gournay-sur-Marne;6574;25;185;6,39%;oui;98;;185933,33;185933,33;16;61;39;0;0;0;0
93046;93;Livry-Gargan;42699;25;3378;18,85%;;;exon�r�e;;;250;924;134;0;0;0;0
93047;93;Montfermeil;26051;25;2182;24,93%;;;exon�r�e;;;89;862;108;0;0;0;0
93049;93;Neuilly-Plaisance;20755;25;1601;18,02%;;;exon�r�e;;;5;204;309;9;0;0;0
93057;93;Les Pavillons-sous-Bois;22331;25;1388;15,38%;;;exon�r�e;;;3;177;291;0;0;2;0
93062;93;Le Raincy;13993;25;363;5,63%;;;;244999,43;;0;16;100;0;0;1;0
93064;93;Rosny-sous-Bois;42080;25;4467;24,15%;;;exon�r�e;;;83;370;685;0;0;0;0
93074;93;Vaujours;6834;25;271;9,63%;oui;100;;317044,02;313292,99;21;75;123;0;0;0;0
94015;94;Bry-sur-Marne;16319;25;1027;15,33%;oui;100;;353789,84;353789,84;46;204;10;0;0;1;0
94018;94;Charenton-le-Pont;30148;25;3443;23,91%;;;;49442,19;8271,61;53;202;63;0;0;2;0
94046;94;Maisons-Alfort;54186;25;6042;23,82%;;;exon�r�e;;;5;11;666;0;0;0;3
94047;94;Mandres-les-Roses;4407;25;207;12,61%;;;;40170;;1;17;0;0;0;0;1
94048;94;Marolles-en-Brie;4861;25;179;10,42%;;;;50008,34;;6;59;0;0;0;0;0
94052;94;Nogent-sur-Marne;30884;25;1893;12,55%;oui;56;;637653,8;637653,8;74;102;126;310;0;0;0
94053;94;Noiseau;4689;25;273;15,13%;;;;29701,45;;14;52;6;0;0;0;0
94055;94;Ormesson-sur-Marne;9945;25;83;2,13%;oui;200;;523873,17;223873,17;12;58;0;12;0;0;1
94056;94;P�rigny;2485;25;52;5,39%;oui;200;;91908,87;91908,87;10;38;4;0;0;0;0
94058;94;Le Perreux-sur-Marne;33248;25;1509;9,77%;;;;448304,18;;43;131;138;14;0;0;158
94059;94;Le Plessis-Tr�vise;18976;25;1540;19,23%;;;exon�r�e;;;19;231;173;0;0;0;0
94060;94;La Queue-en-Brie;11733;25;1056;24,74%;;;exon�r�e;;;30;122;15;0;0;0;1
94065;94;Rungis;5691;25;425;18,71%;;;;190158,21;190158,21;15;109;27;0;0;0;0
94067;94;Saint-Mand�;21846;25;1154;10,85%;oui;51;;519034,56;;31;120;144;0;0;0;3
94068;94;Saint-Maur-des-Foss�s;74176;25;2531;7,28%;oui;200;;4256483,32;935286,32;95;125;187;526;0;0;0
94069;94;Saint-Maurice;14870;25;1511;23,80%;;;;17127,05;17127,05;5;118;31;0;0;0;0
94070;94;Santeny;3651;25;160;11,93%;;;;40170,38;;13;63;0;0;0;0;0
94071;94;Sucy-en-Brie;25900;25;2113;20,48%;;;exon�r�e;;;10;135;885;0;0;0;1
94075;94;Villecresnes;9708;25;395;10,49%;;;;91294,91;91294,91;6;24;82;0;0;0;3
94080;94;Vincennes;49831;25;2440;9,82%;;;;838815,93;;128;413;230;18;0;0;54
95014;95;Andilly;2530;25;142;15,71%;oui;300;;62293,55;62293,55;6;136;0;0;0;0;0
95039;95;Auvers-sur-Oise;6846;25;205;7,11%;;;;68267,39;68267,39;41;71;16;0;0;5;0
95051;95;Beauchamp;8753;25;578;16,20%;oui;0;;94659,39;94659,39;18;36;13;0;0;0;0
95060;95;Bessancourt;6629;25;638;23,83%;;;;3876,96;;1;8;0;0;0;0;0
95120;95;Butry-sur-Oise;2213;25;108;12,97%;;;;10908,2;10908,2;14;72;22;0;0;0;0
95134;95;Champagne-sur-Oise;4692;25;351;18,62%;;;;18994,47;18994,47;6;30;184;0;0;0;0
95176;95;Cormeilles-en-Parisis;23369;25;1553;16,53%;;;exon�r�e;;;122;101;387;0;1;1;0
95183;95;Courdimanche;6572;25;514;21,27%;;;;20386,21;20386,21;7;81;0;0;0;0;0
95197;95;Deuil-la-Barre;21983;25;1464;15,32%;;;exon�r�e;;;55;353;67;0;0;1;0
95199;95;Domont;15213;25;1214;19,87%;;;exon�r�e;;;12;183;48;0;0;0;0
95203;95;Eaubonne;24714;25;2118;21,39%;;;exon�r�e;;;42;187;177;0;0;1;0
95210;95;Enghien-les-Bains;11410;25;531;9,79%;;;;430856,64;280856,64;27;84;26;0;0;0;0
95229;95;�zanville;9316;25;808;21,39%;;;;23685,46;23685,46;4;65;29;0;0;0;0
95241;95;Fontenay-en-Parisis;1899;25;13;1,91%;;;;27053,89;27053,89;1;1;0;0;0;0;0
95250;95;Fosses;9582;25;538;15,95%;;;;54489,5;;6;48;48;0;0;0;0
95252;95;Franconville;33196;25;3142;21,91%;;;exon�r�e;;;7;91;8;0;0;0;0
95256;95;Fr�pillon;2860;25;142;11,88%;oui;100;;44933,9;;24;96;10;0;0;0;0
95257;95;La Frette-sur-Seine;4572;25;41;2,20%;oui;200;;186102,42;163602,42;7;17;8;0;0;0;0
95306;95;Herblay;26944;25;1651;15,74%;;;;196021,77;;71;166;135;2;0;0;0
95313;95;L' Isle-Adam;11918;25;1002;18,96%;;;;66346,82;66346,82;19;60;117;0;0;0;0
95351;95;Louvres;9767;25;665;18,67%;;;;43847,16;43847,16;4;1;41;0;0;0;0
95369;95;Margency;2893;25;110;9,53%;oui;0;;27626,23;27626,23;4;17;20;0;0;0;0
95371;95;Marly-la-Ville;5531;25;172;8,26%;;;;130760,41;;2;50;0;0;0;0;0
95388;95;Menucourt;5332;25;451;22,36%;;;;11422,54;11422,54;33;134;42;0;0;0;0
95392;95;M�riel;4765;25;252;12,59%;oui;0;;35439,97;35439,97;19;72;15;0;0;0;0
95394;95;M�ry-sur-Oise;9320;25;567;16,73%;oui;0;;36545,9;36545,9;17;539;11;0;0;0;0
95426;95;Montlignon;2653;25;54;5,18%;oui;200;;112607,73;112607,73;15;33;6;0;0;0;0
95428;95;Montmorency;20842;25;1758;19,38%;;;;91065,17;71385,16;14;79;147;0;0;0;0
95446;95;Nesles-la-Vall�e;1796;25;37;4,74%;oui;40;;38630,31;38630,31;5;25;7;0;0;0;0
95476;95;Osny;16366;25;1157;19,98%;;;exon�r�e;;;12;138;4;0;0;0;0
95480;95;Parmain;5547;25;141;6,74%;oui;0;;51522,95;51522,95;30;94;17;0;0;0;0
95491;95;Le Plessis-Bouchard;7840;25;228;7,04%;;;;95657,35;95657,35;38;159;31;0;0;0;0
95509;95;Puiseux-en-France;3262;25;9;0,72%;;;;48817,85;48817,85;8;1;0;0;0;0;0
95539;95;Saint-Brice-sous-For�t;14333;25;1072;20,05%;;;exon�r�e;;;17;139;2;0;0;0;0
95563;95;Saint-Leu-la-For�t;14748;25;812;13,38%;;;;113856,32;12399,72;21;55;47;0;0;0;0
95574;95;Saint-Prix;7214;25;322;12,04%;;;;59112,53;;16;6;5;0;0;0;0
95580;95;Saint-Witz;2552;25;2;0,23%;;;;79388,39;79388,39;0;2;0;0;0;0;0
95598;95;Soisy-sous-Montmorency;17534;25;1844;24,85%;;;exon�r�e;;;7;215;146;0;0;0;0
95604;95;Survilliers;4053;25;379;23,27%;;;;6595,66;6595,66;0;14;35;0;0;0;0
95607;95;Taverny;26094;25;2256;21,62%;;;exon�r�e;;;24;119;117;0;0;0;0
95637;95;Vaur�al;15868;25;1374;24,81%;;;exon�r�e;;;35;225;0;0;0;0;0
95641;95;V�mars;2198;25;125;13,34%;;;;28728,08;28728,08;4;15;0;0;0;0;0
97102;971;Anse-Bertrand;5045;20;101;5,47%;;;;14231;;0;0;0;0;0;0;0
97104;971;Baillif;5287;20;182;7,87%;;;;25662;;0;0;0;0;0;0;0
97106;971;Bouillante;7481;20;247;8,48%;;;;21611;;0;0;0;0;0;0;0
97107;971;Capesterre-Belle-Eau;19407;20;828;11,07%;;;;53928;;0;0;0;0;0;0;0
97111;971;Deshaies;4271;20;54;3,06%;;;;24541;;0;0;0;0;0;0;0
97113;971;Le Gosier;26613;20;722;6,43%;;;;213709;;0;0;0;0;0;0;0
97115;971;Lamentin;15624;20;1080;17,17%;;;;15440;;0;0;0;0;0;0;0
97116;971;Morne-�-l'Eau;16959;20;1139;16,61%;;;;16485;;0;0;0;0;0;0;0
97117;971;Le Moule;22689;20;1223;13,66%;;;;51212;;0;0;0;0;0;0;0
97118;971;Petit-Bourg;23782;20;1655;18,07%;;;;18344;;0;0;0;0;0;0;0
97119;971;Petit-Canal;8005;20;173;5,14%;;;;24147;;0;0;0;0;0;0;0
97121;971;Pointe-Noire;6785;20;32;1,14%;;;;38300;;0;0;0;0;0;0;0
97125;971;Saint-Fran�ois;14797;20;552;9,04%;;;;70728;;0;0;0;0;0;0;0
97128;971;Sainte-Anne;24712;20;808;9,18%;;;;75738;;0;0;0;0;0;0;0
97129;971;Sainte-Rose;20379;20;998;12,80%;;;;39280;;0;0;0;0;0;0;0
97132;971;Trois-Rivi�res;8714;20;275;7,79%;;;;35384;;0;0;0;0;0;0;0
97134;971;Vieux-Habitants;7521;20;157;5,32%;;;;28265;;0;0;0;0;0;0;0
97202;972;Les Anses-d'Arlet;3900;25;129;8,00%;;;;19971;;64;60;0;0;0;5;0
97203;972;Basse-Pointe;3609;20;173;11,45%;;;;8344,02;8344,02;64;100;0;7;2;0;0
97204;972;Le Carbet;3736;20;116;7,77%;;;;11980;11980;18;80;0;12;6;0;0
97206;972;Le Diamant;5983;25;293;11,49%;;;;29349,05;29349,05;51;165;0;65;2;10;0
97207;972;Ducos;17039;25;1267;18,40%;;;;44541,38;44541,38;145;435;0;629;0;58;0
97210;972;Le Fran�ois;18452;25;877;11,70%;;;;85868,23;;60;593;0;172;0;45;0
97212;972;Gros-Morne;10250;20;371;9,40%;;;;27485;27485;59;217;0;76;9;10;0
97214;972;Le Lorrain;7294;20;471;14,65%;;;;11431,78;11431,78;90;341;0;33;0;5;0
97216;972;Le Marigot;3568;20;194;13,70%;;;;5139,51;5139,51;30;162;0;0;0;2;0
97217;972;Le Marin;8547;25;907;24,64%;;;;1250,7;;192;617;0;52;0;18;0
97218;972;Le Morne-Rouge;5003;20;251;12,26%;;;;10610,12;10610,12;54;152;0;12;18;6;0
97220;972;Rivi�re-Pilote;12680;25;510;10,14%;;;;49066,57;5486,91;46;433;0;0;0;25;0
97222;972;Le Robert;23715;20;1473;15,97%;;;;29198,56;29198,56;310;996;0;76;0;56;0
97223;972;Saint-Esprit;9595;25;556;16,21%;;;;20445,19;20445,19;119;236;0;111;0;76;0
97224;972;Saint-Joseph;16648;25;798;12,76%;;;;83094,99;83094,99;134;364;0;215;54;21;5
97226;972;Sainte-Anne;4554;25;291;13,38%;;;;23071,12;23071,12;59;210;0;0;8;8;0
97227;972;Sainte-Luce;10083;25;766;17,43%;;;;28243,78;28243,78;74;549;0;129;0;8;0
97228;972;Sainte-Marie;17342;20;536;7,44%;;;;69302,41;;75;344;0;64;0;35;0
97229;972;Schoelcher;20103;25;1794;18,80%;;;;98256,4;98256,4;32;314;0;1169;0;61;0
97231;972;Les Trois-�lets;7587;25;577;17,08%;;;;30384,87;30384,87;49;432;0;55;0;28;0
97232;972;Le Vauclin;9140;25;583;13,72%;;;;39650,57;39650,57;80;444;0;19;0;39;0
97306;973;Mana;9334;20;205;15,83%;;;;953;;0;0;0;0;0;0;0
97309;973;Remire-Montjoly;20689;20;976;14,23%;;;;33891,61;33891,61;0;0;0;0;0;0;0
97353;973;Maripasoula;9970;20;46;7,11%;;;;964;;0;0;0;0;0;0;0
97357;973;Grand-Santi;6029;20;48;11,06%;;;;349;;0;0;0;0;0;0;0
97360;973;Apatou;7257;20;49;9,51%;;;;604;;0;0;0;0;0;0;0
97362;973;Papaichton;6097;20;22;6,67%;;;;409;;0;0;0;0;0;0;0
97401;974;Les Avirons;11181;20;358;8,68%;;;;44275,05;;254;301;0;0;0;0;0
97403;974;Entre-Deux;6405;20;198;8,14%;;;;16892,12;16892,12;108;94;0;0;0;1;0
97404;974;L'�tang-Sal�;13647;20;567;11,52%;;;;49833,92;49833,92;87;136;0;0;0;2;0
97405;974;Petite-�le;11564;20;199;4,33%;;;;65947,47;;20;0;0;0;0;1;0
97406;974;La Plaine-des-Palmistes;5574;20;281;12,07%;;;;14458,67;14458,67;263;0;0;0;0;1;0
97408;974;La Possession;30653;25;2512;22,34%;;;;36866,67;;1146;0;83;0;0;2;0
97412;974;Saint-Joseph;37069;25;1462;10,58%;;;;149333,25;;1322;146;0;7;0;4;0
97413;974;Saint-Leu;32971;25;1006;8,38%;;;;199149,32;;565;60;0;0;0;4;0
97414;974;Saint-Louis;52614;20;3128;17,84%;;;;46002,26;;2266;52;0;0;0;3;0
97415;974;Saint-Paul;104646;25;4177;11,22%;;;;693362,24;258927,97;2152;0;90;18;0;4;0
97417;974;Saint-Philippe;5072;25;99;5,72%;;;;21621,73;21621,73;86;0;0;0;0;2;0
97419;974;Sainte-Rose;6777;20;177;7,49%;;;;34317,94;27067,16;158;0;0;0;0;1;0
97420;974;Sainte-Suzanne;22388;20;1400;18,48%;;;;11991,22;11991,22;638;0;0;0;0;3;0
97422;974;Le Tampon;75631;20;3680;12,80%;;;;177059,28;177059,28;1912;670;47;3;0;43;0
97423;974;Les Trois-Bassins;7339;25;110;4,50%;;;;42270,58;;28;0;0;0;0;4;0
97424;974;Cilaos;5440;20;62;3,01%;;;;34623,45;34623,45;0;0;31;0;0;0;0
97611;976;Mamoudzou;57281;20;0;0,00%;;;non pr�levable;;;0;0;0;0;0;0;0
2A004;2A;Ajaccio;66245;25;4359;16,23%;;;exon�r�e;;;160;2646;9;1521;4;10;9
2B037;2B;Biguglia;7547;25;96;3,21%;oui;200;;265350,96;265350,96;29;67;0;0;0;0;0
2B120;2B;Furiani;5591;25;167;8,01%;;;;70888,5;70888,5;34;50;0;6;0;0;0
2B353;2B;Ville-di-Pietrabugno;3559;25;2;0,12%;;;;63264,3;63264,3;2;0;0;0;0;0;0
